repo_name,easy_file,hard_file
KDE/kwin,src/item.h,src/toplevel.cpp
KDE/kwin,src/item.h,src/workspace.cpp
KDE/kwin,src/item.h,src/item.cpp
KDE/kwin,src/item.h,src/surfaceitem_wayland.cpp
KDE/kwin,src/libkwineffects/kwineffectquickview.cpp,src/workspace.cpp
KDE/kwin,src/libkwineffects/kwineffectquickview.cpp,src/surfaceitem_wayland.cpp
KDE/kwin,src/libkwineffects/kwineffectquickview.cpp,src/item.cpp
KDE/kwin,src/libkwineffects/kwineffectquickview.cpp,src/toplevel.cpp
ntop/n2n,src/sn.c,src/sn_utils.c
ntop/n2n,src/edge.c,src/sn_utils.c
ntop/n2n,include/n2n_typedefs.h,src/sn_utils.c
qgis/QGIS,src/core/gps/qgsbabelformatregistry.cpp,src/app/qgsprovidersublayersdialog.cpp
qgis/QGIS,src/core/gps/qgsbabelformatregistry.cpp,src/core/providers/ogr/qgsogrprovidermetadata.cpp
qgis/QGIS,src/core/gps/qgsbabelformatregistry.cpp,src/app/qgsprovidersublayersdialog.h
qgis/QGIS,src/core/gps/qgsbabelformatregistry.cpp,src/core/providers/ogr/qgsogrproviderutils.cpp
qgis/QGIS,src/core/gps/qgsbabelformatregistry.cpp,src/core/providers/qgsprovidersublayermodel.h
Jimx-/lyos,kernel/arch/riscv/start.c,kernel/arch/riscv/memory.c
Jimx-/lyos,kernel/arch/riscv/start.c,kernel/arch/riscv/protect.c
Jimx-/lyos,kernel/arch/riscv/start.c,kernel/arch/riscv/page.c
Jimx-/lyos,kernel/arch/riscv/start.c,include/arch/riscv/asm/proto.h
Jimx-/lyos,kernel/arch/riscv/start.c,include/arch/riscv/asm/page.h
cse-sim/cse,src/CNGLOB.H,src/CGCOMP.CPP
cse-sim/cse,src/WFPAK.CPP,src/CGCOMP.CPP
cse-sim/cse,src/CGWTHR.CPP,src/CGCOMP.CPP
cse-sim/cse,src/CGRESULT.CPP,src/CNCULT4.CPP
cse-sim/cse,src/CGRESULT.CPP,src/CUL.CPP
cse-sim/cse,src/CGRESULT.CPP,src/STRPAK.CPP
cvmfs/cvmfs,cvmfs/talk.cc,cvmfs/loader.cc
cvmfs/cvmfs,cvmfs/talk.cc,cvmfs/swissknife_check.cc
cvmfs/cvmfs,cvmfs/talk.cc,cvmfs/swissknife_sync.cc
gemrb/gemrb,gemrb/core/Image.cpp,gemrb/core/PathFinder.h
gemrb/gemrb,gemrb/core/Store.cpp,gemrb/core/PathFinder.h
gemrb/gemrb,gemrb/core/Video.cpp,gemrb/core/PathFinder.h
gemrb/gemrb,gemrb/core/AnimationMgr.h,gemrb/core/PathFinder.h
gemrb/gemrb,gemrb/core/ControlAnimation.cpp,gemrb/core/PathFinder.h
P-p-H-d/mlib,m-tuple.h,m-rbtree.h
P-p-H-d/mlib,m-tuple.h,m-string.h
Ardour/ardour,libs/ardour/ardour/plugin_manager.h,libs/ardour/location.cc
Ardour/ardour,libs/ardour/ardour/plugin_manager.h,gtk2_ardour/editor_markers.cc
OpenKJ/OpenKJ,src/main.cpp,src/dbupdatethread.cpp
OpenKJ/OpenKJ,src/mainwindow.h,src/dbupdatethread.cpp
OpenKJ/OpenKJ,src/bmdbdialog.cpp,src/dbupdatethread.cpp
OpenKJ/OpenKJ,src/mediabackend.cpp,src/dbupdatethread.cpp
OpenKJ/OpenKJ,src/audiorecorder.cpp,src/dbupdatethread.cpp
nrz/ylikuutio,code/ylikuutio/ontology/glyph.hpp,code/ylikuutio/string/ylikuutio_string.hpp
nrz/ylikuutio,code/ylikuutio/ontology/model.cpp,code/ylikuutio/string/ylikuutio_string.hpp
nrz/ylikuutio,code/ylikuutio/ontology/model.hpp,code/ylikuutio/string/ylikuutio_string.hpp
nrz/ylikuutio,code/ylikuutio/ontology/scene.cpp,code/ylikuutio/string/ylikuutio_string.hpp
nrz/ylikuutio,code/ylikuutio/ontology/scene.hpp,code/ylikuutio/string/ylikuutio_string.hpp
nrz/ylikuutio,code/ylikuutio/ontology/material.cpp,code/ylikuutio/string/ylikuutio_string.hpp
nrz/ylikuutio,code/ylikuutio/ontology/material.hpp,code/ylikuutio/string/ylikuutio_string.hpp
nrz/ylikuutio,code/ylikuutio/ontology/vector_font.hpp,code/ylikuutio/string/ylikuutio_string.hpp
nrz/ylikuutio,code/ylikuutio/linear_algebra/matrix.hpp,code/ylikuutio/string/ylikuutio_string.hpp
nrz/ylikuutio,code/ylikuutio/linear_algebra/tensor3.hpp,code/ylikuutio/string/ylikuutio_string.hpp
openmv/openmv,src/omv/ports/rp2/cambus.c,src/omv/common/sensor_utils.c
openmv/openmv,src/omv/ports/rp2/cambus.c,src/drivers/ninaw10/include/nina_bsp.h
openmv/openmv,src/omv/ports/rp2/cambus.c,src/omv/ports/rp2/modules/py_nina.c
openmv/openmv,src/omv/ports/rp2/cambus.c,src/omv/ports/rp2/main.c
openmv/openmv,src/omv/ports/rp2/cambus.c,src/drivers/ninaw10/src/nina.c
openmv/openmv,src/omv/ports/rp2/cambus.c,src/omv/ports/rp2/nina_bsp.c
openmv/openmv,src/drivers/ninaw10/include/nina.h,src/omv/ports/rp2/modules/py_nina.c
openmv/openmv,src/drivers/ninaw10/include/nina.h,src/drivers/ninaw10/include/nina_bsp.h
openmv/openmv,src/drivers/ninaw10/include/nina.h,src/omv/common/sensor_utils.c
openmv/openmv,src/drivers/ninaw10/include/nina.h,src/drivers/ninaw10/src/nina.c
openmv/openmv,src/drivers/ninaw10/include/nina.h,src/omv/ports/rp2/main.c
openmv/openmv,src/drivers/ninaw10/include/nina.h,src/omv/ports/rp2/nina_bsp.c
openmv/openmv,src/omv/boards/PICO/omv_boardconfig.h,src/omv/common/sensor_utils.c
openmv/openmv,src/omv/boards/PICO/omv_boardconfig.h,src/omv/ports/rp2/modules/py_nina.c
openmv/openmv,src/omv/boards/PICO/omv_boardconfig.h,src/drivers/ninaw10/src/nina.c
openmv/openmv,src/omv/boards/PICO/omv_boardconfig.h,src/drivers/ninaw10/include/nina_bsp.h
openmv/openmv,src/omv/boards/PICO/omv_boardconfig.h,src/omv/ports/rp2/main.c
openmv/openmv,src/omv/boards/PICO/omv_boardconfig.h,src/omv/ports/rp2/nina_bsp.c
openmv/openmv,src/omv/boards/ARDUINO_NANO_RP2040_CONNECT/omv_boardconfig.h,src/omv/ports/rp2/main.c
openmv/openmv,src/omv/boards/ARDUINO_NANO_RP2040_CONNECT/omv_boardconfig.h,src/omv/ports/rp2/modules/py_nina.c
openmv/openmv,src/omv/boards/ARDUINO_NANO_RP2040_CONNECT/omv_boardconfig.h,src/omv/ports/rp2/nina_bsp.c
openmv/openmv,src/omv/boards/ARDUINO_NANO_RP2040_CONNECT/omv_boardconfig.h,src/omv/common/sensor_utils.c
openmv/openmv,src/omv/boards/ARDUINO_NANO_RP2040_CONNECT/omv_boardconfig.h,src/drivers/ninaw10/src/nina.c
openmv/openmv,src/omv/boards/ARDUINO_NANO_RP2040_CONNECT/omv_boardconfig.h,src/drivers/ninaw10/include/nina_bsp.h
darglein/saiga,src/saiga/core/window/Interfaces.h,src/saiga/vision/cameraModel/Distortion.h
darglein/saiga,src/saiga/core/window/Interfaces.h,src/saiga/vision/torch/ImageTensor.h
darglein/saiga,src/saiga/core/math/EigenGLMInterface.h,src/saiga/vision/torch/ImageTensor.h
darglein/saiga,src/saiga/core/math/EigenGLMInterface.h,src/saiga/vision/cameraModel/Distortion.h
darglein/saiga,src/saiga/opengl/rendering/VRRendering/VRRenderer.h,src/saiga/vision/cameraModel/Distortion.h
darglein/saiga,src/saiga/opengl/rendering/VRRendering/VRRenderer.h,src/saiga/vision/torch/ImageTensor.h
darglein/saiga,src/saiga/opengl/rendering/VRRendering/VRRenderer.cpp,src/saiga/vision/torch/ImageTensor.h
darglein/saiga,src/saiga/opengl/rendering/VRRendering/VRRenderer.cpp,src/saiga/vision/cameraModel/Distortion.h
darglein/saiga,src/saiga/opengl/rendering/deferredRendering/deferred_renderer.cpp,src/saiga/vision/cameraModel/Distortion.h
darglein/saiga,src/saiga/opengl/rendering/deferredRendering/deferred_renderer.cpp,src/saiga/vision/torch/ImageTensor.h
genn-team/genn,src/genn/genn/customUpdate.cc,include/genn/genn/code_generator/generateCustomUpdate.h
genn-team/genn,include/genn/genn/synapseGroup.h,include/genn/genn/code_generator/modelSpecMerged.h
genn-team/genn,include/genn/genn/synapseGroup.h,include/genn/genn/code_generator/generateRunner.h
genn-team/genn,include/genn/genn/synapseGroup.h,include/genn/genn/code_generator/generateSupportCode.h
genn-team/genn,include/genn/genn/synapseGroup.h,include/genn/genn/code_generator/generateNeuronUpdate.h
genn-team/genn,include/genn/genn/synapseGroup.h,include/genn/genn/code_generator/generateInit.h
genn-team/genn,include/genn/genn/synapseGroup.h,include/genn/genn/code_generator/generateSynapseUpdate.h
genn-team/genn,include/genn/genn/customUpdateInternal.h,include/genn/genn/code_generator/generateCustomUpdate.h
genn-team/genn,include/genn/genn/synapseGroupInternal.h,include/genn/genn/code_generator/generateSynapseUpdate.h
genn-team/genn,include/genn/genn/synapseGroupInternal.h,include/genn/genn/code_generator/modelSpecMerged.h
genn-team/genn,include/genn/genn/synapseGroupInternal.h,include/genn/genn/code_generator/generateNeuronUpdate.h
genn-team/genn,include/genn/genn/synapseGroupInternal.h,include/genn/genn/code_generator/generateInit.h
genn-team/genn,include/genn/genn/synapseGroupInternal.h,include/genn/genn/code_generator/generateSupportCode.h
genn-team/genn,include/genn/genn/synapseGroupInternal.h,include/genn/genn/code_generator/generateRunner.h
genn-team/genn,include/genn/genn/code_generator/backendBase.h,include/genn/genn/code_generator/generateRunner.h
genn-team/genn,include/genn/genn/code_generator/backendBase.h,include/genn/genn/code_generator/generateSupportCode.h
genn-team/genn,include/genn/genn/code_generator/backendBase.h,include/genn/genn/code_generator/generateNeuronUpdate.h
genn-team/genn,include/genn/genn/code_generator/backendBase.h,include/genn/genn/code_generator/generateInit.h
genn-team/genn,include/genn/genn/code_generator/backendBase.h,include/genn/genn/code_generator/generateSynapseUpdate.h
genn-team/genn,include/genn/genn/code_generator/backendBase.h,include/genn/genn/code_generator/modelSpecMerged.h
genn-team/genn,src/genn/genn/code_generator/generateRunner.cc,include/genn/genn/code_generator/modelSpecMerged.h
genn-team/genn,src/genn/genn/code_generator/generateRunner.cc,include/genn/genn/code_generator/generateSupportCode.h
genn-team/genn,src/genn/genn/code_generator/generateRunner.cc,include/genn/genn/code_generator/generateRunner.h
genn-team/genn,src/genn/genn/code_generator/generateRunner.cc,include/genn/genn/code_generator/generateSynapseUpdate.h
genn-team/genn,src/genn/genn/code_generator/generateRunner.cc,include/genn/genn/code_generator/generateNeuronUpdate.h
genn-team/genn,src/genn/genn/code_generator/generateRunner.cc,include/genn/genn/code_generator/generateInit.h
genn-team/genn,src/genn/backends/single_threaded_cpu/backend.cc,include/genn/genn/code_generator/generateSupportCode.h
genn-team/genn,src/genn/backends/single_threaded_cpu/backend.cc,include/genn/genn/code_generator/generateInit.h
genn-team/genn,src/genn/backends/single_threaded_cpu/backend.cc,include/genn/genn/code_generator/modelSpecMerged.h
genn-team/genn,src/genn/backends/single_threaded_cpu/backend.cc,include/genn/genn/code_generator/generateRunner.h
genn-team/genn,src/genn/backends/single_threaded_cpu/backend.cc,include/genn/genn/code_generator/generateNeuronUpdate.h
genn-team/genn,src/genn/backends/single_threaded_cpu/backend.cc,include/genn/genn/code_generator/generateSynapseUpdate.h
genn-team/genn,src/genn/genn/code_generator/generateSupportCode.cc,include/genn/genn/code_generator/generateSupportCode.h
genn-team/genn,src/genn/genn/code_generator/generateSupportCode.cc,include/genn/genn/code_generator/generateInit.h
genn-team/genn,src/genn/genn/code_generator/generateSupportCode.cc,include/genn/genn/code_generator/generateSynapseUpdate.h
genn-team/genn,src/genn/genn/code_generator/generateSupportCode.cc,include/genn/genn/code_generator/generateRunner.h
genn-team/genn,src/genn/genn/code_generator/generateSupportCode.cc,include/genn/genn/code_generator/generateNeuronUpdate.h
genn-team/genn,src/genn/genn/code_generator/generateSupportCode.cc,include/genn/genn/code_generator/modelSpecMerged.h
genn-team/genn,src/genn/genn/code_generator/generateCustomUpdate.cc,include/genn/genn/code_generator/generateCustomUpdate.h
genn-team/genn,src/genn/genn/code_generator/generateNeuronUpdate.cc,include/genn/genn/code_generator/generateSynapseUpdate.h
genn-team/genn,src/genn/genn/code_generator/generateNeuronUpdate.cc,include/genn/genn/code_generator/generateNeuronUpdate.h
genn-team/genn,src/genn/genn/code_generator/generateNeuronUpdate.cc,include/genn/genn/code_generator/generateInit.h
genn-team/genn,src/genn/genn/code_generator/generateNeuronUpdate.cc,include/genn/genn/code_generator/modelSpecMerged.h
genn-team/genn,src/genn/genn/code_generator/generateNeuronUpdate.cc,include/genn/genn/code_generator/generateSupportCode.h
genn-team/genn,src/genn/genn/code_generator/generateNeuronUpdate.cc,include/genn/genn/code_generator/generateRunner.h
genn-team/genn,src/genn/genn/code_generator/generateSynapseUpdate.cc,include/genn/genn/code_generator/generateInit.h
genn-team/genn,src/genn/genn/code_generator/generateSynapseUpdate.cc,include/genn/genn/code_generator/generateSynapseUpdate.h
genn-team/genn,src/genn/genn/code_generator/generateSynapseUpdate.cc,include/genn/genn/code_generator/generateSupportCode.h
genn-team/genn,src/genn/genn/code_generator/generateSynapseUpdate.cc,include/genn/genn/code_generator/modelSpecMerged.h
genn-team/genn,src/genn/genn/code_generator/generateSynapseUpdate.cc,include/genn/genn/code_generator/generateRunner.h
genn-team/genn,src/genn/genn/code_generator/generateSynapseUpdate.cc,include/genn/genn/code_generator/generateNeuronUpdate.h
plumed/plumed2,src/tools/RMSD.cpp,src/core/Action.h
plumed/plumed2,src/tools/RMSD.cpp,src/tools/Tools.cpp
plumed/plumed2,src/tools/RMSD.cpp,src/tools/Tools.h
plumed/plumed2,src/tools/RMSD.cpp,src/core/ActionAtomistic.cpp
plumed/plumed2,src/tools/RMSD.cpp,src/tools/PDB.cpp
plumed/plumed2,src/tools/RMSD.cpp,src/core/Value.cpp
plumed/plumed2,src/tools/RMSD.cpp,src/core/CLTool.h
plumed/plumed2,src/tools/RMSD.cpp,src/tools/Units.cpp
plumed/plumed2,src/tools/RMSD.cpp,src/vesselbase/Vessel.h
plumed/plumed2,src/tools/LatticeReduction.cpp,src/tools/Tools.h
plumed/plumed2,src/tools/LatticeReduction.cpp,src/tools/Units.cpp
plumed/plumed2,src/tools/LatticeReduction.cpp,src/tools/Tools.cpp
plumed/plumed2,src/tools/LatticeReduction.cpp,src/core/Action.h
plumed/plumed2,src/tools/LatticeReduction.cpp,src/core/Value.cpp
plumed/plumed2,src/tools/LatticeReduction.cpp,src/vesselbase/Vessel.h
plumed/plumed2,src/tools/LatticeReduction.cpp,src/core/CLTool.h
plumed/plumed2,src/tools/LatticeReduction.cpp,src/tools/PDB.cpp
plumed/plumed2,src/tools/LatticeReduction.cpp,src/core/ActionAtomistic.cpp
swaywm/wlroots,backend/drm/legacy.c,backend/drm/backend.c
Samsung/TizenRT,framework/src/wifi_manager/wifi_manager_api.c,framework/src/wifi_manager/wifi_manager_lwnl.c
Tomash667/carpg,source/net/NetClient.cpp,source/entity/Unit.cpp
Tomash667/carpg,source/components/CommandParser.cpp,source/entity/Unit.cpp
bluescarni/mppp,include/mp++/real.hpp,include/mp++/integer.hpp
bouzi71/OpenWow,owGame/Map/MapWDT.h,owGame/Map/MapWDL.cpp
bouzi71/OpenWow,owGame/Map/MapWDT.h,OpenWow/SceneWoW2.cpp
bouzi71/OpenWow,owGame/Map/MapWDT.h,owGame/M2/M2_Part_Light.h
bouzi71/OpenWow,owGame/Map/MapWDT.h,owGame/M2/M2_Skin.h
bouzi71/OpenWow,owGame/Map/MapWDT.h,owGame/Client/WoWWorldObject.cpp
bouzi71/OpenWow,owGame/Map/MapWDT.h,owGame/Client/WoWObject.cpp
bouzi71/OpenWow,owGame/Map/MapWDT.h,owGame/Map/MapWDL.h
bouzi71/OpenWow,owGame/Map/MapWDT.h,owGame/Client/WoWUnit.cpp
bouzi71/OpenWow,owGame/Map/MapWDT.h,owGame/Client/WoWItem.cpp
bouzi71/OpenWow,owGame/Map/MapWDT.h,owGame/M2/M2_ColliderComponent.cpp
bouzi71/OpenWow,owGame/Map/MapWDT.h,owGame/Map/MapWDT.cpp
bouzi71/OpenWow,owGame/Map/MapWDT.h,owGame/M2/M2_RibbonEmitters.cpp
bouzi71/OpenWow,owGame/Map/MapWDT.h,owGame/M2/M2_Skin.cpp
bouzi71/OpenWow,owGame/Map/MapWDT.h,owGame/M2/M2_Comp_Materials.cpp
bouzi71/OpenWow,owGame/Map/MapWDT.h,owGame/M2/M2_Part_Color.cpp
bouzi71/OpenWow,owGame/Map/MapWDT.h,owGame/WMO/WMO_Group_Instance.cpp
bouzi71/OpenWow,owGame/Map/MapWDT.h,owGame/M2/M2_Comp_Miscellaneous.cpp
bouzi71/OpenWow,owGame/Map/MapWDT.h,owGame/M2/M2_ParticlesComponent.cpp
bouzi71/OpenWow,owGame/Map/MapWDT.h,owGame/M2/M2_Part_Camera.cpp
bouzi71/OpenWow,owGame/Map/MapWDT.h,owGame/M2/M2_Skin_Batch.cpp
bouzi71/OpenWow,owGame/Map/MapWDT.h,owGame/Sky/SkyManager.h
bouzi71/OpenWow,owGame/Map/MapWDT.h,owGame/Client/WoWCorpse.h
bouzi71/OpenWow,owGame/Map/MapWDT.h,owGame/Client/WoWWorldObject.h
bouzi71/OpenWow,owGame/Map/MapWDT.h,owGame/WMO/WMO_Doodad_Instance.cpp
bouzi71/OpenWow,owGame/Map/MapWDT.h,owGame/Map/MapChunk.h
bouzi71/OpenWow,owGame/Map/MapWDT.h,owGame/Client/ClientCache.h
bouzi71/OpenWow,owGame/Map/MapWDT.h,owGame/Map/MapChunk.cpp
bouzi71/OpenWow,owGame/Map/MapWDT.h,owGame/Liquid/LiquidMaterial.h
bouzi71/OpenWow,owGame/Map/MapWDT.h,owGame/M2/M2_Animated.h
bouzi71/OpenWow,owGame/Map/MapWDT.h,owGame/Client/WoWCorpse.cpp
bouzi71/OpenWow,owGame/Map/MapWDT.h,owGame/Client/World.cpp
bouzi71/OpenWow,owGame/Map/MapWDT.h,owGame/WMO/WMO_Part_Material.h
bouzi71/OpenWow,owGame/Map/MapWDT.h,owGame/Client/WoWGameObject.cpp
bouzi71/OpenWow,owGame/Map/MapWDT.h,owGame/WMO/WMO_Group_Instance.h
bouzi71/OpenWow,owGame/Map/MapWDT.h,OpenWow/SceneWoW.cpp
bouzi71/OpenWow,owGame/Map/MapWDT.h,owGame/M2/M2_SkinSection.cpp
bouzi71/OpenWow,owGame/Map/MapWDT.h,owGame/M2/M2_Types.h
bouzi71/OpenWow,owGame/Map/MapWDT.h,owGame/Client/WoWPlayer.cpp
bouzi71/OpenWow,owGame/Map/MapWDT.h,owGame/Sky/SkyManager.cpp
bouzi71/OpenWow,owGame/Map/MapWDT.h,owGame/Client/WoWUnit.h
bouzi71/OpenWow,owGame/Map/MapWDT.h,owGame/WMO/WMO_PortalsController.cpp
bouzi71/OpenWow,owGame/Map/MapWDT.h,owGame/M2/M2_Part_Bone.h
bouzi71/OpenWow,owGame/Map/MapWDT.h,owGame/Map/Instances/MapWMOInstance.cpp
bouzi71/OpenWow,owGame/Map/MapWDT.h,owGame/Map/MapTile.cpp
bouzi71/OpenWow,owGame/Map/MapWDT.h,owGame/M2/M2_Part_Texture.cpp
bouzi71/OpenWow,owGame/Map/MapWDT.h,owGame/M2/M2_Part_Material.cpp
bouzi71/OpenWow,owGame/Map/MapWDT.h,owGame/Client/WoWPlayer.h
bouzi71/OpenWow,owGame/Map/MapWDT.h,owGame/Client/WoWDynamicObject.cpp
bouzi71/OpenWow,owGame/Map/MapWDT.h,owGame/Liquid/RenderPass_Liquid.cpp
bouzi71/OpenWow,owGame/Map/MapWDT.h,owGame/WMO/WMO_Group_Headers.h
bouzi71/OpenWow,owGame/Map/MapWDT.h,owGame/Client/WoWGameObject.h
bouzi71/OpenWow,owGame/Map/MapWDT.h,owGame/Liquid/Liquid.cpp
bouzi71/OpenWow,owGame/Map/MapWDT.h,owGame/WMO/WMO_Liquid_Instance.cpp
bouzi71/OpenWow,owGame/Map/MapWDT.h,owGame/M2/M2_Comp_Materials.h
bouzi71/OpenWow,owGame/Map/MapWDT.h,owGame/WMO/WMO_Base_Instance.h
bouzi71/OpenWow,owGame/Map/MapWDT.h,owGame/M2/M2_SkinTypes.h
bouzi71/OpenWow,owGame/Map/MapWDT.h,owGame/World/Creature/Creature.h
bouzi71/OpenWow,owGame/Map/MapWDT.h,owGame/Liquid/LiquidMaterial.cpp
bouzi71/OpenWow,owGame/Map/MapWDT.h,owGame/M2/M2_Part_Attachment.cpp
bouzi71/OpenWow,owGame/Map/MapWDT.h,owGame/WMO/WMO_Fixes.h
bouzi71/OpenWow,owGame/Map/MapWDT.h,owGame/M2/M2_Part_Bone.cpp
bouzi71/OpenWow,owGame/Map/MapWDT.h,owGame/M2/M2.h
bouzi71/OpenWow,owGame/Map/MapWDT.h,owGame/WMO/WMO_Part_Material.cpp
bouzi71/OpenWow,owGame/Map/MapWDT.h,owGame/Map/Instances/MapM2Instance.cpp
bouzi71/OpenWow,owGame/Map/MapWDT.h,owGame/M2/M2_Part_TextureTransform.cpp
bouzi71/OpenWow,owGame/Map/MapWDT.h,owGame/M2/M2_SkeletonComponent.h
bouzi71/OpenWow,owGame/Map/MapWDT.h,owGame/Map/MapTile.h
bouzi71/OpenWow,owGame/Map/MapWDT.h,owGame/Formats/ImageBLP.cpp
bouzi71/OpenWow,owGame/Map/MapWDT.h,owGame/World/WorldObjectsCreator.cpp
bouzi71/OpenWow,owGame/Map/MapWDT.h,owGame/M2/M2_Part_Camera.h
bouzi71/OpenWow,owGame/Map/MapWDT.h,owGame/Client/WoWObject.h
bouzi71/OpenWow,owGame/Map/MapWDT.h,owGame/M2/M2_Comp_Skeleton.cpp
bouzi71/OpenWow,owGame/Map/MapWDT.h,owGame/Client/World.h
bouzi71/OpenWow,owGame/Map/MapWDT.h,owGame/M2/M2_Skin_Batch.h
bouzi71/OpenWow,owGame/Map/MapWDT.h,owGame/WMO/WMO_Liquid_Instance.h
bouzi71/OpenWow,owGame/Map/MapWDT.h,OpenWow/SceneWoW.h
bouzi71/OpenWow,owGame/Map/MapWDT.h,owGame/Formats/MPQFilesStorage.cpp
bouzi71/OpenWow,owGame/Map/MapWDT.h,owGame/M2/M2_Base_Instance.h
bouzi71/OpenWow,owClient/Client/Client.h,owClient/World/Objects/WoWUnit.cpp
bouzi71/OpenWow,owClient/Client/Client.h,owGame/Renderer/RenderPass_M2Instanced.cpp
bouzi71/OpenWow,owClient/Client/Client.h,owGame/Renderer/RenderPass_MapTile.cpp
bouzi71/OpenWow,owClient/Client/Client.h,owClient/World/Objects/WoWGameObject.cpp
bouzi71/OpenWow,owClient/Client/Client.h,owClient/World/Objects/WoWUnit.h
bouzi71/OpenWow,owClient/Client/Client.h,owClient/World/Objects/WoWObject.cpp
bouzi71/OpenWow,owClient/Client/Client.h,owGame/Renderer/RendererWoW.cpp
bouzi71/OpenWow,owClient/Client/Client.h,owClient/World/Objects/WoWGameObjectMOTransport.cpp
bouzi71/OpenWow,owClient/Client/Client.h,owClient/Renderer/RenderPass_Path.cpp
bouzi71/OpenWow,owClient/Client/Client.h,owGame/World/Items/CharacterItem.h
bouzi71/OpenWow,owClient/Client/Client.h,owGame/Renderer/RenderPass_M2.cpp
bouzi71/OpenWow,owClient/Client/Client.h,owGame/Renderer/RenderPass_M2InstancedList.cpp
bouzi71/OpenWow,owClient/Client/Client.h,owGame/Renderer/RenderPass_MapChunk.cpp
bouzi71/OpenWow,owClient/Client/Client.h,owGame/Interfaces/M2Interfaces.h
bouzi71/OpenWow,owClient/Client/Client.h,owClient/World/Objects/WoWObject.h
bouzi71/OpenWow,owClient/Client/Client.h,owGame/Renderer/RenderPass_M2.h
bouzi71/OpenWow,owClient/Warden/Warden.cpp,owGame/Renderer/RenderPass_M2.cpp
bouzi71/OpenWow,owClient/Warden/Warden.cpp,owGame/Renderer/RenderPass_M2InstancedList.cpp
bouzi71/OpenWow,owClient/Warden/Warden.cpp,owGame/Renderer/RenderPass_M2.h
bouzi71/OpenWow,owClient/Warden/Warden.cpp,owGame/Interfaces/M2Interfaces.h
bouzi71/OpenWow,owClient/Warden/Warden.cpp,owClient/Renderer/RenderPass_Path.cpp
bouzi71/OpenWow,owClient/Warden/Warden.cpp,owClient/World/Objects/WoWObject.h
bouzi71/OpenWow,owClient/Warden/Warden.cpp,owClient/World/Objects/WoWObject.cpp
bouzi71/OpenWow,owClient/Warden/Warden.cpp,owClient/World/Objects/WoWGameObject.cpp
bouzi71/OpenWow,owClient/Warden/Warden.cpp,owGame/Renderer/RendererWoW.cpp
bouzi71/OpenWow,owClient/Warden/Warden.cpp,owClient/World/Objects/WoWGameObjectMOTransport.cpp
bouzi71/OpenWow,owClient/Warden/Warden.cpp,owGame/Renderer/RenderPass_MapChunk.cpp
bouzi71/OpenWow,owClient/Warden/Warden.cpp,owGame/Renderer/RenderPass_M2Instanced.cpp
bouzi71/OpenWow,owClient/Warden/Warden.cpp,owClient/World/Objects/WoWUnit.cpp
bouzi71/OpenWow,owClient/Warden/Warden.cpp,owGame/Renderer/RenderPass_MapTile.cpp
bouzi71/OpenWow,owClient/Warden/Warden.cpp,owGame/World/Items/CharacterItem.h
bouzi71/OpenWow,owClient/Warden/Warden.cpp,owClient/World/Objects/WoWUnit.h
bouzi71/OpenWow,owClient/Client/ClientCache.h,owClient/World/Objects/WoWUnit.cpp
bouzi71/OpenWow,owClient/Client/ClientCache.h,owGame/Renderer/RenderPass_M2Instanced.cpp
bouzi71/OpenWow,owClient/Client/ClientCache.h,owGame/Renderer/RenderPass_M2InstancedList.cpp
bouzi71/OpenWow,owClient/Client/ClientCache.h,owGame/Renderer/RenderPass_M2.h
bouzi71/OpenWow,owClient/Client/ClientCache.h,owGame/World/Items/CharacterItem.h
bouzi71/OpenWow,owClient/Client/ClientCache.h,owClient/World/Objects/WoWGameObject.cpp
bouzi71/OpenWow,owClient/Client/ClientCache.h,owClient/World/Objects/WoWObject.cpp
bouzi71/OpenWow,owClient/Client/ClientCache.h,owGame/Renderer/RenderPass_MapTile.cpp
bouzi71/OpenWow,owClient/Client/ClientCache.h,owGame/Renderer/RenderPass_M2.cpp
bouzi71/OpenWow,owClient/Client/ClientCache.h,owGame/Renderer/RendererWoW.cpp
bouzi71/OpenWow,owClient/Client/ClientCache.h,owClient/Renderer/RenderPass_Path.cpp
bouzi71/OpenWow,owClient/Client/ClientCache.h,owGame/Interfaces/M2Interfaces.h
bouzi71/OpenWow,owClient/Client/ClientCache.h,owClient/World/Objects/WoWUnit.h
bouzi71/OpenWow,owClient/Client/ClientCache.h,owClient/World/Objects/WoWGameObjectMOTransport.cpp
bouzi71/OpenWow,owClient/Client/ClientCache.h,owGame/Renderer/RenderPass_MapChunk.cpp
bouzi71/OpenWow,owClient/Client/ClientCache.h,owClient/World/Objects/WoWObject.h
bouzi71/OpenWow,owClient/World/WorldObjects.h,owGame/Interfaces/M2Interfaces.h
bouzi71/OpenWow,owClient/World/WorldObjects.h,owGame/Renderer/RenderPass_M2Instanced.cpp
bouzi71/OpenWow,owClient/World/WorldObjects.h,owClient/World/Objects/WoWUnit.h
bouzi71/OpenWow,owClient/World/WorldObjects.h,owGame/Renderer/RenderPass_M2.h
bouzi71/OpenWow,owClient/World/WorldObjects.h,owClient/World/Objects/WoWObject.cpp
bouzi71/OpenWow,owClient/World/WorldObjects.h,owGame/World/Items/CharacterItem.h
bouzi71/OpenWow,owClient/World/WorldObjects.h,owClient/Renderer/RenderPass_Path.cpp
bouzi71/OpenWow,owClient/World/WorldObjects.h,owClient/World/Objects/WoWUnit.cpp
bouzi71/OpenWow,owClient/World/WorldObjects.h,owClient/World/Objects/WoWGameObjectMOTransport.cpp
bouzi71/OpenWow,owClient/World/WorldObjects.h,owGame/Renderer/RendererWoW.cpp
bouzi71/OpenWow,owClient/World/WorldObjects.h,owGame/Renderer/RenderPass_MapChunk.cpp
bouzi71/OpenWow,owClient/World/WorldObjects.h,owGame/Renderer/RenderPass_M2InstancedList.cpp
bouzi71/OpenWow,owClient/World/WorldObjects.h,owGame/Renderer/RenderPass_MapTile.cpp
bouzi71/OpenWow,owClient/World/WorldObjects.h,owClient/World/Objects/WoWGameObject.cpp
bouzi71/OpenWow,owClient/World/WorldObjects.h,owGame/Renderer/RenderPass_M2.cpp
bouzi71/OpenWow,owClient/World/WorldObjects.h,owClient/World/Objects/WoWObject.h
bouzi71/OpenWow,owClient/World/WorldObjects.cpp,owGame/Renderer/RendererWoW.cpp
bouzi71/OpenWow,owClient/World/WorldObjects.cpp,owClient/World/Objects/WoWGameObjectMOTransport.cpp
bouzi71/OpenWow,owClient/World/WorldObjects.cpp,owClient/World/Objects/WoWObject.h
bouzi71/OpenWow,owClient/World/WorldObjects.cpp,owGame/Interfaces/M2Interfaces.h
bouzi71/OpenWow,owClient/World/WorldObjects.cpp,owClient/World/Objects/WoWGameObject.cpp
bouzi71/OpenWow,owClient/World/WorldObjects.cpp,owGame/Renderer/RenderPass_M2.cpp
bouzi71/OpenWow,owClient/World/WorldObjects.cpp,owGame/Renderer/RenderPass_MapChunk.cpp
bouzi71/OpenWow,owClient/World/WorldObjects.cpp,owClient/Renderer/RenderPass_Path.cpp
bouzi71/OpenWow,owClient/World/WorldObjects.cpp,owGame/Renderer/RenderPass_MapTile.cpp
bouzi71/OpenWow,owClient/World/WorldObjects.cpp,owGame/Renderer/RenderPass_M2InstancedList.cpp
bouzi71/OpenWow,owClient/World/WorldObjects.cpp,owClient/World/Objects/WoWUnit.h
bouzi71/OpenWow,owClient/World/WorldObjects.cpp,owClient/World/Objects/WoWUnit.cpp
bouzi71/OpenWow,owClient/World/WorldObjects.cpp,owGame/Renderer/RenderPass_M2.h
bouzi71/OpenWow,owClient/World/WorldObjects.cpp,owGame/World/Items/CharacterItem.h
bouzi71/OpenWow,owClient/World/WorldObjects.cpp,owClient/World/Objects/WoWObject.cpp
bouzi71/OpenWow,owClient/World/WorldObjects.cpp,owGame/Renderer/RenderPass_M2Instanced.cpp
bouzi71/OpenWow,owClient/AuthSocket/AuthSocket.h,owGame/World/Items/CharacterItem.h
bouzi71/OpenWow,owClient/AuthSocket/AuthSocket.h,owGame/Interfaces/M2Interfaces.h
bouzi71/OpenWow,owClient/AuthSocket/AuthSocket.h,owGame/Renderer/RendererWoW.cpp
bouzi71/OpenWow,owClient/AuthSocket/AuthSocket.h,owGame/Renderer/RenderPass_MapChunk.cpp
bouzi71/OpenWow,owClient/AuthSocket/AuthSocket.h,owClient/Renderer/RenderPass_Path.cpp
bouzi71/OpenWow,owClient/AuthSocket/AuthSocket.h,owClient/World/Objects/WoWGameObject.cpp
bouzi71/OpenWow,owClient/AuthSocket/AuthSocket.h,owClient/World/Objects/WoWUnit.h
bouzi71/OpenWow,owClient/AuthSocket/AuthSocket.h,owClient/World/Objects/WoWObject.h
bouzi71/OpenWow,owClient/AuthSocket/AuthSocket.h,owClient/World/Objects/WoWGameObjectMOTransport.cpp
bouzi71/OpenWow,owClient/AuthSocket/AuthSocket.h,owClient/World/Objects/WoWObject.cpp
bouzi71/OpenWow,owClient/AuthSocket/AuthSocket.h,owGame/Renderer/RenderPass_M2InstancedList.cpp
bouzi71/OpenWow,owClient/AuthSocket/AuthSocket.h,owClient/World/Objects/WoWUnit.cpp
bouzi71/OpenWow,owClient/AuthSocket/AuthSocket.h,owGame/Renderer/RenderPass_M2.h
bouzi71/OpenWow,owClient/AuthSocket/AuthSocket.h,owGame/Renderer/RenderPass_M2.cpp
bouzi71/OpenWow,owClient/AuthSocket/AuthSocket.h,owGame/Renderer/RenderPass_M2Instanced.cpp
bouzi71/OpenWow,owClient/AuthSocket/AuthSocket.h,owGame/Renderer/RenderPass_MapTile.cpp
bouzi71/OpenWow,owClient/AuthSocket/AuthSocket.cpp,owGame/Renderer/RendererWoW.cpp
bouzi71/OpenWow,owClient/AuthSocket/AuthSocket.cpp,owGame/Renderer/RenderPass_MapTile.cpp
bouzi71/OpenWow,owClient/AuthSocket/AuthSocket.cpp,owClient/World/Objects/WoWObject.h
bouzi71/OpenWow,owClient/AuthSocket/AuthSocket.cpp,owClient/World/Objects/WoWUnit.h
bouzi71/OpenWow,owClient/AuthSocket/AuthSocket.cpp,owClient/World/Objects/WoWObject.cpp
bouzi71/OpenWow,owClient/AuthSocket/AuthSocket.cpp,owClient/World/Objects/WoWGameObjectMOTransport.cpp
bouzi71/OpenWow,owClient/AuthSocket/AuthSocket.cpp,owGame/Renderer/RenderPass_M2.h
bouzi71/OpenWow,owClient/AuthSocket/AuthSocket.cpp,owGame/Interfaces/M2Interfaces.h
bouzi71/OpenWow,owClient/AuthSocket/AuthSocket.cpp,owGame/World/Items/CharacterItem.h
bouzi71/OpenWow,owClient/AuthSocket/AuthSocket.cpp,owClient/Renderer/RenderPass_Path.cpp
bouzi71/OpenWow,owClient/AuthSocket/AuthSocket.cpp,owGame/Renderer/RenderPass_M2.cpp
bouzi71/OpenWow,owClient/AuthSocket/AuthSocket.cpp,owClient/World/Objects/WoWUnit.cpp
bouzi71/OpenWow,owClient/AuthSocket/AuthSocket.cpp,owClient/World/Objects/WoWGameObject.cpp
bouzi71/OpenWow,owClient/AuthSocket/AuthSocket.cpp,owGame/Renderer/RenderPass_MapChunk.cpp
bouzi71/OpenWow,owClient/AuthSocket/AuthSocket.cpp,owGame/Renderer/RenderPass_M2Instanced.cpp
bouzi71/OpenWow,owClient/AuthSocket/AuthSocket.cpp,owGame/Renderer/RenderPass_M2InstancedList.cpp
bouzi71/OpenWow,owClient/WorldSocket/WorldSocket.h,owClient/World/Objects/WoWGameObjectMOTransport.cpp
bouzi71/OpenWow,owClient/WorldSocket/WorldSocket.h,owGame/Renderer/RenderPass_M2.cpp
bouzi71/OpenWow,owClient/WorldSocket/WorldSocket.h,owClient/Renderer/RenderPass_Path.cpp
bouzi71/OpenWow,owClient/WorldSocket/WorldSocket.h,owGame/World/Items/CharacterItem.h
bouzi71/OpenWow,owClient/WorldSocket/WorldSocket.h,owClient/World/Objects/WoWObject.h
bouzi71/OpenWow,owClient/WorldSocket/WorldSocket.h,owClient/World/Objects/WoWUnit.h
bouzi71/OpenWow,owClient/WorldSocket/WorldSocket.h,owGame/Renderer/RenderPass_M2Instanced.cpp
bouzi71/OpenWow,owClient/WorldSocket/WorldSocket.h,owGame/Interfaces/M2Interfaces.h
bouzi71/OpenWow,owClient/WorldSocket/WorldSocket.h,owGame/Renderer/RenderPass_M2.h
bouzi71/OpenWow,owClient/WorldSocket/WorldSocket.h,owGame/Renderer/RenderPass_M2InstancedList.cpp
bouzi71/OpenWow,owClient/WorldSocket/WorldSocket.h,owGame/Renderer/RenderPass_MapChunk.cpp
bouzi71/OpenWow,owClient/WorldSocket/WorldSocket.h,owGame/Renderer/RendererWoW.cpp
bouzi71/OpenWow,owClient/WorldSocket/WorldSocket.h,owClient/World/Objects/WoWGameObject.cpp
bouzi71/OpenWow,owClient/WorldSocket/WorldSocket.h,owClient/World/Objects/WoWObject.cpp
bouzi71/OpenWow,owClient/WorldSocket/WorldSocket.h,owClient/World/Objects/WoWUnit.cpp
bouzi71/OpenWow,owClient/WorldSocket/WorldSocket.h,owGame/Renderer/RenderPass_MapTile.cpp
bouzi71/OpenWow,owClient/WorldSocket/ServerPacket.h,owGame/World/Items/CharacterItem.h
bouzi71/OpenWow,owClient/WorldSocket/ServerPacket.h,owClient/World/Objects/WoWGameObject.cpp
bouzi71/OpenWow,owClient/WorldSocket/ServerPacket.h,owClient/World/Objects/WoWObject.h
bouzi71/OpenWow,owClient/WorldSocket/ServerPacket.h,owClient/World/Objects/WoWUnit.h
bouzi71/OpenWow,owClient/WorldSocket/ServerPacket.h,owClient/World/Objects/WoWObject.cpp
bouzi71/OpenWow,owClient/WorldSocket/ServerPacket.h,owClient/Renderer/RenderPass_Path.cpp
bouzi71/OpenWow,owClient/WorldSocket/ServerPacket.h,owGame/Renderer/RenderPass_M2.h
bouzi71/OpenWow,owClient/WorldSocket/ServerPacket.h,owClient/World/Objects/WoWGameObjectMOTransport.cpp
bouzi71/OpenWow,owClient/WorldSocket/ServerPacket.h,owGame/Renderer/RenderPass_M2InstancedList.cpp
bouzi71/OpenWow,owClient/WorldSocket/ServerPacket.h,owGame/Interfaces/M2Interfaces.h
bouzi71/OpenWow,owClient/WorldSocket/ServerPacket.h,owGame/Renderer/RenderPass_M2.cpp
bouzi71/OpenWow,owClient/WorldSocket/ServerPacket.h,owGame/Renderer/RenderPass_MapChunk.cpp
bouzi71/OpenWow,owClient/WorldSocket/ServerPacket.h,owGame/Renderer/RenderPass_MapTile.cpp
bouzi71/OpenWow,owClient/WorldSocket/ServerPacket.h,owClient/World/Objects/WoWUnit.cpp
bouzi71/OpenWow,owClient/WorldSocket/ServerPacket.h,owGame/Renderer/RenderPass_M2Instanced.cpp
bouzi71/OpenWow,owClient/WorldSocket/ServerPacket.h,owGame/Renderer/RendererWoW.cpp
bouzi71/OpenWow,owGame/Renderer/RenderPass_M2List.h,owClient/World/Objects/WoWObject.cpp
bouzi71/OpenWow,owGame/Renderer/RenderPass_M2List.h,owGame/Renderer/RenderPass_M2.cpp
bouzi71/OpenWow,owGame/Renderer/RenderPass_M2List.h,owClient/World/Objects/WoWUnit.cpp
bouzi71/OpenWow,owGame/Renderer/RenderPass_M2List.h,owClient/Renderer/RenderPass_Path.cpp
bouzi71/OpenWow,owGame/Renderer/RenderPass_M2List.h,owGame/World/Items/CharacterItem.h
bouzi71/OpenWow,owGame/Renderer/RenderPass_M2List.h,owGame/Renderer/RenderPass_M2InstancedList.cpp
bouzi71/OpenWow,owGame/Renderer/RenderPass_M2List.h,owGame/Renderer/RendererWoW.cpp
bouzi71/OpenWow,owGame/Renderer/RenderPass_M2List.h,owGame/Renderer/RenderPass_MapChunk.cpp
bouzi71/OpenWow,owGame/Renderer/RenderPass_M2List.h,owClient/World/Objects/WoWObject.h
bouzi71/OpenWow,owGame/Renderer/RenderPass_M2List.h,owClient/World/Objects/WoWGameObjectMOTransport.cpp
bouzi71/OpenWow,owGame/Renderer/RenderPass_M2List.h,owClient/World/Objects/WoWUnit.h
bouzi71/OpenWow,owGame/Renderer/RenderPass_M2List.h,owGame/Renderer/RenderPass_MapTile.cpp
bouzi71/OpenWow,owGame/Renderer/RenderPass_M2List.h,owClient/World/Objects/WoWGameObject.cpp
bouzi71/OpenWow,owGame/Renderer/RenderPass_M2List.h,owGame/Renderer/RenderPass_M2.h
bouzi71/OpenWow,owGame/Renderer/RenderPass_M2List.h,owGame/Interfaces/M2Interfaces.h
bouzi71/OpenWow,owGame/Renderer/RenderPass_M2List.h,owGame/Renderer/RenderPass_M2Instanced.cpp
bouzi71/OpenWow,owClient/WorldSocket/ServerPacket.cpp,owClient/World/Objects/WoWGameObject.cpp
bouzi71/OpenWow,owClient/WorldSocket/ServerPacket.cpp,owGame/Renderer/RenderPass_M2.cpp
bouzi71/OpenWow,owClient/WorldSocket/ServerPacket.cpp,owGame/Renderer/RenderPass_MapTile.cpp
bouzi71/OpenWow,owClient/WorldSocket/ServerPacket.cpp,owGame/Renderer/RenderPass_M2Instanced.cpp
bouzi71/OpenWow,owClient/WorldSocket/ServerPacket.cpp,owClient/World/Objects/WoWUnit.h
bouzi71/OpenWow,owClient/WorldSocket/ServerPacket.cpp,owClient/World/Objects/WoWObject.h
bouzi71/OpenWow,owClient/WorldSocket/ServerPacket.cpp,owClient/World/Objects/WoWGameObjectMOTransport.cpp
bouzi71/OpenWow,owClient/WorldSocket/ServerPacket.cpp,owGame/Renderer/RenderPass_M2.h
bouzi71/OpenWow,owClient/WorldSocket/ServerPacket.cpp,owGame/World/Items/CharacterItem.h
bouzi71/OpenWow,owClient/WorldSocket/ServerPacket.cpp,owGame/Renderer/RenderPass_MapChunk.cpp
bouzi71/OpenWow,owClient/WorldSocket/ServerPacket.cpp,owGame/Renderer/RenderPass_M2InstancedList.cpp
bouzi71/OpenWow,owClient/WorldSocket/ServerPacket.cpp,owClient/World/Objects/WoWUnit.cpp
bouzi71/OpenWow,owClient/WorldSocket/ServerPacket.cpp,owGame/Renderer/RendererWoW.cpp
bouzi71/OpenWow,owClient/WorldSocket/ServerPacket.cpp,owClient/Renderer/RenderPass_Path.cpp
bouzi71/OpenWow,owClient/WorldSocket/ServerPacket.cpp,owClient/World/Objects/WoWObject.cpp
bouzi71/OpenWow,owClient/WorldSocket/ServerPacket.cpp,owGame/Interfaces/M2Interfaces.h
bouzi71/OpenWow,owClient/Objects/Base/WoWWorldObject.h,owGame/Renderer/RenderPass_MapChunk.cpp
bouzi71/OpenWow,owClient/Objects/Base/WoWWorldObject.h,owClient/Renderer/RenderPass_Path.cpp
bouzi71/OpenWow,owClient/Objects/Base/WoWWorldObject.h,owClient/World/Objects/WoWGameObject.cpp
bouzi71/OpenWow,owClient/Objects/Base/WoWWorldObject.h,owGame/Interfaces/M2Interfaces.h
bouzi71/OpenWow,owClient/Objects/Base/WoWWorldObject.h,owGame/Renderer/RenderPass_MapTile.cpp
bouzi71/OpenWow,owClient/Objects/Base/WoWWorldObject.h,owGame/Renderer/RendererWoW.cpp
bouzi71/OpenWow,owClient/Objects/Base/WoWWorldObject.h,owClient/World/Objects/WoWUnit.h
bouzi71/OpenWow,owClient/Objects/Base/WoWWorldObject.h,owGame/Renderer/RenderPass_M2InstancedList.cpp
bouzi71/OpenWow,owClient/Objects/Base/WoWWorldObject.h,owClient/World/Objects/WoWObject.cpp
bouzi71/OpenWow,owClient/Objects/Base/WoWWorldObject.h,owClient/World/Objects/WoWUnit.cpp
bouzi71/OpenWow,owClient/Objects/Base/WoWWorldObject.h,owClient/World/Objects/WoWGameObjectMOTransport.cpp
bouzi71/OpenWow,owClient/Objects/Base/WoWWorldObject.h,owGame/World/Items/CharacterItem.h
bouzi71/OpenWow,owClient/Objects/Base/WoWWorldObject.h,owGame/Renderer/RenderPass_M2.cpp
bouzi71/OpenWow,owClient/Objects/Base/WoWWorldObject.h,owClient/World/Objects/WoWObject.h
bouzi71/OpenWow,owClient/Objects/Base/WoWWorldObject.h,owGame/Renderer/RenderPass_M2Instanced.cpp
bouzi71/OpenWow,owClient/Objects/Base/WoWWorldObject.h,owGame/Renderer/RenderPass_M2.h
bouzi71/OpenWow,owGame/Renderer/RenderPass_SkyList.cpp,owGame/Renderer/RenderPass_MapTile.cpp
bouzi71/OpenWow,owGame/Renderer/RenderPass_SkyList.cpp,owClient/World/Objects/WoWGameObject.cpp
bouzi71/OpenWow,owGame/Renderer/RenderPass_SkyList.cpp,owClient/World/Objects/WoWObject.cpp
bouzi71/OpenWow,owGame/Renderer/RenderPass_SkyList.cpp,owClient/World/Objects/WoWUnit.cpp
bouzi71/OpenWow,owGame/Renderer/RenderPass_SkyList.cpp,owGame/Renderer/RendererWoW.cpp
bouzi71/OpenWow,owGame/Renderer/RenderPass_SkyList.cpp,owClient/World/Objects/WoWGameObjectMOTransport.cpp
bouzi71/OpenWow,owGame/Renderer/RenderPass_SkyList.cpp,owGame/World/Items/CharacterItem.h
bouzi71/OpenWow,owGame/Renderer/RenderPass_SkyList.cpp,owClient/World/Objects/WoWUnit.h
bouzi71/OpenWow,owGame/Renderer/RenderPass_SkyList.cpp,owGame/Renderer/RenderPass_M2Instanced.cpp
bouzi71/OpenWow,owGame/Renderer/RenderPass_SkyList.cpp,owClient/World/Objects/WoWObject.h
bouzi71/OpenWow,owGame/Renderer/RenderPass_SkyList.cpp,owGame/Renderer/RenderPass_MapChunk.cpp
bouzi71/OpenWow,owGame/Renderer/RenderPass_SkyList.cpp,owGame/Renderer/RenderPass_M2InstancedList.cpp
bouzi71/OpenWow,owGame/Renderer/RenderPass_SkyList.cpp,owGame/Renderer/RenderPass_M2.cpp
bouzi71/OpenWow,owGame/Renderer/RenderPass_SkyList.cpp,owGame/Interfaces/M2Interfaces.h
bouzi71/OpenWow,owGame/Renderer/RenderPass_SkyList.cpp,owGame/Renderer/RenderPass_M2.h
bouzi71/OpenWow,owGame/Renderer/RenderPass_SkyList.cpp,owClient/Renderer/RenderPass_Path.cpp
bouzi71/OpenWow,owGame/World/GameObject/GameObjectM2.cpp,owClient/Renderer/RenderPass_Path.cpp
bouzi71/OpenWow,owGame/World/GameObject/GameObjectM2.cpp,owGame/Interfaces/M2Interfaces.h
bouzi71/OpenWow,owGame/World/GameObject/GameObjectM2.cpp,owClient/World/Objects/WoWObject.cpp
bouzi71/OpenWow,owGame/World/GameObject/GameObjectM2.cpp,owGame/Renderer/RenderPass_MapTile.cpp
bouzi71/OpenWow,owGame/World/GameObject/GameObjectM2.cpp,owGame/World/Items/CharacterItem.h
bouzi71/OpenWow,owGame/World/GameObject/GameObjectM2.cpp,owGame/Renderer/RenderPass_M2.h
bouzi71/OpenWow,owGame/World/GameObject/GameObjectM2.cpp,owClient/World/Objects/WoWGameObjectMOTransport.cpp
bouzi71/OpenWow,owGame/World/GameObject/GameObjectM2.cpp,owGame/Renderer/RenderPass_M2Instanced.cpp
bouzi71/OpenWow,owGame/World/GameObject/GameObjectM2.cpp,owGame/Renderer/RenderPass_M2.cpp
bouzi71/OpenWow,owGame/World/GameObject/GameObjectM2.cpp,owClient/World/Objects/WoWGameObject.cpp
bouzi71/OpenWow,owGame/World/GameObject/GameObjectM2.cpp,owGame/Renderer/RendererWoW.cpp
bouzi71/OpenWow,owGame/World/GameObject/GameObjectM2.cpp,owClient/World/Objects/WoWUnit.cpp
bouzi71/OpenWow,owGame/World/GameObject/GameObjectM2.cpp,owGame/Renderer/RenderPass_MapChunk.cpp
bouzi71/OpenWow,owGame/World/GameObject/GameObjectM2.cpp,owClient/World/Objects/WoWObject.h
bouzi71/OpenWow,owGame/World/GameObject/GameObjectM2.cpp,owClient/World/Objects/WoWUnit.h
bouzi71/OpenWow,owGame/World/GameObject/GameObjectM2.cpp,owGame/Renderer/RenderPass_M2InstancedList.cpp
bouzi71/OpenWow,owGame/World/GameObject/GameObjectWMO.cpp,owClient/World/Objects/WoWGameObject.cpp
bouzi71/OpenWow,owGame/World/GameObject/GameObjectWMO.cpp,owGame/World/Items/CharacterItem.h
bouzi71/OpenWow,owGame/World/GameObject/GameObjectWMO.cpp,owClient/Renderer/RenderPass_Path.cpp
bouzi71/OpenWow,owGame/World/GameObject/GameObjectWMO.cpp,owGame/Renderer/RenderPass_MapTile.cpp
bouzi71/OpenWow,owGame/World/GameObject/GameObjectWMO.cpp,owGame/Renderer/RenderPass_M2.h
bouzi71/OpenWow,owGame/World/GameObject/GameObjectWMO.cpp,owGame/Renderer/RenderPass_M2Instanced.cpp
bouzi71/OpenWow,owGame/World/GameObject/GameObjectWMO.cpp,owClient/World/Objects/WoWUnit.cpp
bouzi71/OpenWow,owGame/World/GameObject/GameObjectWMO.cpp,owClient/World/Objects/WoWGameObjectMOTransport.cpp
bouzi71/OpenWow,owGame/World/GameObject/GameObjectWMO.cpp,owGame/Interfaces/M2Interfaces.h
bouzi71/OpenWow,owGame/World/GameObject/GameObjectWMO.cpp,owGame/Renderer/RendererWoW.cpp
bouzi71/OpenWow,owGame/World/GameObject/GameObjectWMO.cpp,owClient/World/Objects/WoWObject.cpp
bouzi71/OpenWow,owGame/World/GameObject/GameObjectWMO.cpp,owGame/Renderer/RenderPass_MapChunk.cpp
bouzi71/OpenWow,owGame/World/GameObject/GameObjectWMO.cpp,owGame/Renderer/RenderPass_M2InstancedList.cpp
bouzi71/OpenWow,owGame/World/GameObject/GameObjectWMO.cpp,owGame/Renderer/RenderPass_M2.cpp
bouzi71/OpenWow,owGame/World/GameObject/GameObjectWMO.cpp,owClient/World/Objects/WoWUnit.h
bouzi71/OpenWow,owGame/World/GameObject/GameObjectWMO.cpp,owClient/World/Objects/WoWObject.h
bouzi71/OpenWow,owGame/World/Character/Types/ItemTemplate.h,owGame/Renderer/RenderPass_M2.cpp
bouzi71/OpenWow,owGame/World/Character/Types/ItemTemplate.h,owClient/World/Objects/WoWObject.cpp
bouzi71/OpenWow,owGame/World/Character/Types/ItemTemplate.h,owClient/World/Objects/WoWUnit.cpp
bouzi71/OpenWow,owGame/World/Character/Types/ItemTemplate.h,owGame/World/Items/CharacterItem.h
bouzi71/OpenWow,owGame/World/Character/Types/ItemTemplate.h,owGame/Renderer/RenderPass_M2InstancedList.cpp
bouzi71/OpenWow,owGame/World/Character/Types/ItemTemplate.h,owClient/World/Objects/WoWObject.h
bouzi71/OpenWow,owGame/World/Character/Types/ItemTemplate.h,owClient/World/Objects/WoWGameObject.cpp
bouzi71/OpenWow,owGame/World/Character/Types/ItemTemplate.h,owGame/Renderer/RenderPass_M2.h
bouzi71/OpenWow,owGame/World/Character/Types/ItemTemplate.h,owGame/Renderer/RenderPass_MapChunk.cpp
bouzi71/OpenWow,owGame/World/Character/Types/ItemTemplate.h,owClient/World/Objects/WoWGameObjectMOTransport.cpp
bouzi71/OpenWow,owGame/World/Character/Types/ItemTemplate.h,owGame/Interfaces/M2Interfaces.h
bouzi71/OpenWow,owGame/World/Character/Types/ItemTemplate.h,owGame/Renderer/RenderPass_M2Instanced.cpp
bouzi71/OpenWow,owGame/World/Character/Types/ItemTemplate.h,owGame/Renderer/RendererWoW.cpp
bouzi71/OpenWow,owGame/World/Character/Types/ItemTemplate.h,owClient/Renderer/RenderPass_Path.cpp
bouzi71/OpenWow,owGame/World/Character/Types/ItemTemplate.h,owClient/World/Objects/WoWUnit.h
bouzi71/OpenWow,owGame/World/Character/Types/ItemTemplate.h,owGame/Renderer/RenderPass_MapTile.cpp
bouzi71/OpenWow,owGame/World/Character/Types/CharacterTemplate.h,owClient/World/Objects/WoWObject.h
bouzi71/OpenWow,owGame/World/Character/Types/CharacterTemplate.h,owGame/Interfaces/M2Interfaces.h
bouzi71/OpenWow,owGame/World/Character/Types/CharacterTemplate.h,owGame/Renderer/RenderPass_M2.cpp
bouzi71/OpenWow,owGame/World/Character/Types/CharacterTemplate.h,owGame/Renderer/RenderPass_M2Instanced.cpp
bouzi71/OpenWow,owGame/World/Character/Types/CharacterTemplate.h,owGame/World/Items/CharacterItem.h
bouzi71/OpenWow,owGame/World/Character/Types/CharacterTemplate.h,owGame/Renderer/RenderPass_MapTile.cpp
bouzi71/OpenWow,owGame/World/Character/Types/CharacterTemplate.h,owClient/Renderer/RenderPass_Path.cpp
bouzi71/OpenWow,owGame/World/Character/Types/CharacterTemplate.h,owGame/Renderer/RenderPass_M2.h
bouzi71/OpenWow,owGame/World/Character/Types/CharacterTemplate.h,owClient/World/Objects/WoWGameObject.cpp
bouzi71/OpenWow,owGame/World/Character/Types/CharacterTemplate.h,owGame/Renderer/RenderPass_M2InstancedList.cpp
bouzi71/OpenWow,owGame/World/Character/Types/CharacterTemplate.h,owGame/Renderer/RendererWoW.cpp
bouzi71/OpenWow,owGame/World/Character/Types/CharacterTemplate.h,owClient/World/Objects/WoWObject.cpp
bouzi71/OpenWow,owGame/World/Character/Types/CharacterTemplate.h,owGame/Renderer/RenderPass_MapChunk.cpp
bouzi71/OpenWow,owGame/World/Character/Types/CharacterTemplate.h,owClient/World/Objects/WoWUnit.cpp
bouzi71/OpenWow,owGame/World/Character/Types/CharacterTemplate.h,owClient/World/Objects/WoWGameObjectMOTransport.cpp
bouzi71/OpenWow,owGame/World/Character/Types/CharacterTemplate.h,owClient/World/Objects/WoWUnit.h
bouzi71/OpenWow,owClient/CharacterSelection/CharacterSelection.cpp,owGame/Renderer/RenderPass_MapTile.cpp
bouzi71/OpenWow,owClient/CharacterSelection/CharacterSelection.cpp,owGame/Renderer/RenderPass_M2Instanced.cpp
bouzi71/OpenWow,owClient/CharacterSelection/CharacterSelection.cpp,owGame/Renderer/RenderPass_M2.cpp
bouzi71/OpenWow,owClient/CharacterSelection/CharacterSelection.cpp,owGame/Interfaces/M2Interfaces.h
bouzi71/OpenWow,owClient/CharacterSelection/CharacterSelection.cpp,owClient/World/Objects/WoWUnit.h
bouzi71/OpenWow,owClient/CharacterSelection/CharacterSelection.cpp,owClient/World/Objects/WoWGameObject.cpp
bouzi71/OpenWow,owClient/CharacterSelection/CharacterSelection.cpp,owClient/World/Objects/WoWObject.cpp
bouzi71/OpenWow,owClient/CharacterSelection/CharacterSelection.cpp,owGame/World/Items/CharacterItem.h
bouzi71/OpenWow,owClient/CharacterSelection/CharacterSelection.cpp,owGame/Renderer/RenderPass_MapChunk.cpp
bouzi71/OpenWow,owClient/CharacterSelection/CharacterSelection.cpp,owGame/Renderer/RendererWoW.cpp
bouzi71/OpenWow,owClient/CharacterSelection/CharacterSelection.cpp,owGame/Renderer/RenderPass_M2InstancedList.cpp
bouzi71/OpenWow,owClient/CharacterSelection/CharacterSelection.cpp,owClient/World/Objects/WoWUnit.cpp
bouzi71/OpenWow,owClient/CharacterSelection/CharacterSelection.cpp,owClient/Renderer/RenderPass_Path.cpp
bouzi71/OpenWow,owClient/CharacterSelection/CharacterSelection.cpp,owGame/Renderer/RenderPass_M2.h
bouzi71/OpenWow,owClient/CharacterSelection/CharacterSelection.cpp,owClient/World/Objects/WoWGameObjectMOTransport.cpp
bouzi71/OpenWow,owClient/CharacterSelection/CharacterSelection.cpp,owClient/World/Objects/WoWObject.h
bouzi71/OpenWow,owGame/World/Character/Character_SkinTextureBaker.h,owGame/Client/WoWUnit.cpp
bouzi71/OpenWow,owGame/World/Character/Character_SkinTextureBaker.h,owGame/M2/M2_SkinSection.cpp
bouzi71/OpenWow,owGame/World/Character/Character_SkinTextureBaker.h,owGame/M2/M2_Animated.h
bouzi71/OpenWow,owGame/World/Character/Character_SkinTextureBaker.h,owGame/Client/WoWPlayer.h
bouzi71/OpenWow,owGame/World/Character/Character_SkinTextureBaker.h,owGame/Formats/ImageBLP.cpp
bouzi71/OpenWow,owGame/World/Character/Character_SkinTextureBaker.h,owGame/Client/WoWObject.h
bouzi71/OpenWow,owGame/World/Character/Character_SkinTextureBaker.h,owGame/M2/M2_Skin.h
bouzi71/OpenWow,owGame/World/Character/Character_SkinTextureBaker.h,owGame/M2/M2_Comp_Materials.cpp
bouzi71/OpenWow,owGame/World/Character/Character_SkinTextureBaker.h,owGame/M2/M2_RibbonEmitters.cpp
bouzi71/OpenWow,owGame/World/Character/Character_SkinTextureBaker.h,owGame/M2/M2_Comp_Materials.h
bouzi71/OpenWow,owGame/World/Character/Character_SkinTextureBaker.h,owGame/Client/WoWWorldObject.cpp
bouzi71/OpenWow,owGame/World/Character/Character_SkinTextureBaker.h,owGame/WMO/WMO_Group_Headers.h
bouzi71/OpenWow,owGame/World/Character/Character_SkinTextureBaker.h,owGame/Client/ClientCache.h
bouzi71/OpenWow,owGame/World/Character/Character_SkinTextureBaker.h,owGame/WMO/WMO_Liquid_Instance.cpp
bouzi71/OpenWow,owGame/World/Character/Character_SkinTextureBaker.h,owGame/Map/MapWDL.h
bouzi71/OpenWow,owGame/World/Character/Character_SkinTextureBaker.h,owGame/WMO/WMO_Part_Material.cpp
bouzi71/OpenWow,owGame/World/Character/Character_SkinTextureBaker.h,owGame/WMO/WMO_Fixes.h
bouzi71/OpenWow,owGame/World/Character/Character_SkinTextureBaker.h,owGame/Map/MapWDL.cpp
bouzi71/OpenWow,owGame/World/Character/Character_SkinTextureBaker.h,owGame/Client/WoWCorpse.cpp
bouzi71/OpenWow,owGame/World/Character/Character_SkinTextureBaker.h,owGame/WMO/WMO_Group_Instance.h
bouzi71/OpenWow,owGame/World/Character/Character_SkinTextureBaker.h,owGame/M2/M2_Types.h
bouzi71/OpenWow,owGame/World/Character/Character_SkinTextureBaker.h,owGame/M2/M2_SkeletonComponent.h
bouzi71/OpenWow,owGame/World/Character/Character_SkinTextureBaker.h,owGame/M2/M2_ColliderComponent.cpp
bouzi71/OpenWow,owGame/World/Character/Character_SkinTextureBaker.h,owGame/Client/World.cpp
bouzi71/OpenWow,owGame/World/Character/Character_SkinTextureBaker.h,owGame/Client/WoWDynamicObject.cpp
bouzi71/OpenWow,owGame/World/Character/Character_SkinTextureBaker.h,owGame/M2/M2_Part_Bone.h
bouzi71/OpenWow,owGame/World/Character/Character_SkinTextureBaker.h,owGame/Map/MapChunk.h
bouzi71/OpenWow,owGame/World/Character/Character_SkinTextureBaker.h,owGame/M2/M2_Comp_Miscellaneous.cpp
bouzi71/OpenWow,owGame/World/Character/Character_SkinTextureBaker.h,owGame/Map/MapChunk.cpp
bouzi71/OpenWow,owGame/World/Character/Character_SkinTextureBaker.h,owGame/WMO/WMO_Liquid_Instance.h
bouzi71/OpenWow,owGame/World/Character/Character_SkinTextureBaker.h,owGame/Client/WoWCorpse.h
bouzi71/OpenWow,owGame/World/Character/Character_SkinTextureBaker.h,owGame/World/Creature/Creature.h
bouzi71/OpenWow,owGame/World/Character/Character_SkinTextureBaker.h,owGame/M2/M2_Part_TextureTransform.cpp
bouzi71/OpenWow,owGame/World/Character/Character_SkinTextureBaker.h,owGame/WMO/WMO_Group_Instance.cpp
bouzi71/OpenWow,owGame/World/Character/Character_SkinTextureBaker.h,owGame/Liquid/RenderPass_Liquid.cpp
bouzi71/OpenWow,owGame/World/Character/Character_SkinTextureBaker.h,owGame/M2/M2_Comp_Skeleton.cpp
bouzi71/OpenWow,owGame/World/Character/Character_SkinTextureBaker.h,owGame/Map/MapTile.cpp
bouzi71/OpenWow,owGame/World/Character/Character_SkinTextureBaker.h,owGame/Formats/MPQFilesStorage.cpp
bouzi71/OpenWow,owGame/World/Character/Character_SkinTextureBaker.h,owGame/M2/M2_Part_Bone.cpp
bouzi71/OpenWow,owGame/World/Character/Character_SkinTextureBaker.h,OpenWow/SceneWoW2.cpp
bouzi71/OpenWow,owGame/World/Character/Character_SkinTextureBaker.h,owGame/Map/MapTile.h
bouzi71/OpenWow,owGame/World/Character/Character_SkinTextureBaker.h,owGame/Map/MapWDT.cpp
bouzi71/OpenWow,owGame/World/Character/Character_SkinTextureBaker.h,owGame/Sky/SkyManager.h
bouzi71/OpenWow,owGame/World/Character/Character_SkinTextureBaker.h,owGame/M2/M2_Part_Material.cpp
bouzi71/OpenWow,owGame/World/Character/Character_SkinTextureBaker.h,owGame/M2/M2.h
bouzi71/OpenWow,owGame/World/Character/Character_SkinTextureBaker.h,owGame/M2/M2_Skin.cpp
bouzi71/OpenWow,owGame/World/Character/Character_SkinTextureBaker.h,owGame/Client/WoWUnit.h
bouzi71/OpenWow,owGame/World/Character/Character_SkinTextureBaker.h,owGame/Client/WoWObject.cpp
bouzi71/OpenWow,owGame/World/Character/Character_SkinTextureBaker.h,owGame/Client/WoWGameObject.h
bouzi71/OpenWow,owGame/World/Character/Character_SkinTextureBaker.h,owGame/Map/Instances/MapWMOInstance.cpp
bouzi71/OpenWow,owGame/World/Character/Character_SkinTextureBaker.h,owGame/Map/Instances/MapM2Instance.cpp
bouzi71/OpenWow,owGame/World/Character/Character_SkinTextureBaker.h,OpenWow/SceneWoW.h
bouzi71/OpenWow,owGame/World/Character/Character_SkinTextureBaker.h,owGame/M2/M2_Skin_Batch.cpp
bouzi71/OpenWow,owGame/World/Character/Character_SkinTextureBaker.h,owGame/M2/M2_Part_Texture.cpp
bouzi71/OpenWow,owGame/World/Character/Character_SkinTextureBaker.h,owGame/WMO/WMO_Part_Material.h
bouzi71/OpenWow,owGame/World/Character/Character_SkinTextureBaker.h,owGame/M2/M2_Skin_Batch.h
bouzi71/OpenWow,owGame/World/Character/Character_SkinTextureBaker.h,owGame/Client/WoWPlayer.cpp
bouzi71/OpenWow,owGame/World/Character/Character_SkinTextureBaker.h,owGame/WMO/WMO_PortalsController.cpp
bouzi71/OpenWow,owGame/World/Character/Character_SkinTextureBaker.h,owGame/M2/M2_SkinTypes.h
bouzi71/OpenWow,owGame/World/Character/Character_SkinTextureBaker.h,OpenWow/SceneWoW.cpp
bouzi71/OpenWow,owGame/World/Character/Character_SkinTextureBaker.h,owGame/M2/M2_Base_Instance.h
bouzi71/OpenWow,owGame/World/Character/Character_SkinTextureBaker.h,owGame/M2/M2_Part_Color.cpp
bouzi71/OpenWow,owGame/World/Character/Character_SkinTextureBaker.h,owGame/Liquid/Liquid.cpp
bouzi71/OpenWow,owGame/World/Character/Character_SkinTextureBaker.h,owGame/World/WorldObjectsCreator.cpp
bouzi71/OpenWow,owGame/World/Character/Character_SkinTextureBaker.h,owGame/M2/M2_Part_Attachment.cpp
bouzi71/OpenWow,owGame/World/Character/Character_SkinTextureBaker.h,owGame/Client/WoWItem.cpp
bouzi71/OpenWow,owGame/World/Character/Character_SkinTextureBaker.h,owGame/M2/M2_Part_Light.h
bouzi71/OpenWow,owGame/World/Character/Character_SkinTextureBaker.h,owGame/Client/World.h
bouzi71/OpenWow,owGame/World/Character/Character_SkinTextureBaker.h,owGame/WMO/WMO_Doodad_Instance.cpp
bouzi71/OpenWow,owGame/World/Character/Character_SkinTextureBaker.h,owGame/Client/WoWGameObject.cpp
bouzi71/OpenWow,owGame/World/Character/Character_SkinTextureBaker.h,owGame/WMO/WMO_Base_Instance.h
bouzi71/OpenWow,owGame/World/Character/Character_SkinTextureBaker.h,owGame/M2/M2_Part_Camera.cpp
bouzi71/OpenWow,owGame/World/Character/Character_SkinTextureBaker.h,owGame/Liquid/LiquidMaterial.cpp
bouzi71/OpenWow,owGame/World/Character/Character_SkinTextureBaker.h,owGame/Sky/SkyManager.cpp
bouzi71/OpenWow,owGame/World/Character/Character_SkinTextureBaker.h,owGame/M2/M2_ParticlesComponent.cpp
bouzi71/OpenWow,owGame/World/Character/Character_SkinTextureBaker.h,owGame/Client/WoWWorldObject.h
bouzi71/OpenWow,owGame/World/Character/Character_SkinTextureBaker.h,owGame/M2/M2_Part_Camera.h
bouzi71/OpenWow,owGame/World/Character/Character_SkinTextureBaker.h,owGame/Liquid/LiquidMaterial.h
citusdata/citus,src/backend/columnar/columnar_customscan.c,src/backend/columnar/columnar_reader.c
cxong/cdogs-sdl,src/cdogs/character_class.h,src/cdogs/draw/draw_actor.c
elnormous/ouzel,engine/assets/Bundle.cpp,engine/formats/Xml.hpp
elnormous/ouzel,engine/assets/ObjLoader.cpp,engine/formats/Xml.hpp
elnormous/ouzel,engine/graphics/Commands.hpp,engine/formats/Xml.hpp
henrypp/wfptool,src/wfp.c,src/helper.c
henrypp/wfptool,src/controls.c,src/helper.c
henrypp/wfptool,src/messages.c,src/helper.c
madeso/euphoria,libs/gui/examples/gui.cc,libs/core/src/core/cint.h
madeso/euphoria,libs/gui/examples/gui.cc,apps/editor/src/editor/main.cc
madeso/euphoria,libs/gui/examples/gui.cc,libs/core/src/core/cint.cc
madeso/euphoria,apps/pixel/src/pixel/main.cc,libs/core/src/core/cint.cc
madeso/euphoria,apps/pixel/src/pixel/main.cc,libs/core/src/core/cint.h
madeso/euphoria,apps/pixel/src/pixel/main.cc,apps/editor/src/editor/main.cc
madeso/euphoria,libs/core/src/core/chatbot.cc,libs/core/src/core/cint.cc
madeso/euphoria,libs/core/src/core/chatbot.cc,libs/core/src/core/cint.h
madeso/euphoria,libs/core/src/core/chatbot.cc,apps/editor/src/editor/main.cc
madeso/euphoria,libs/render/src/render/texture.cc,apps/editor/src/editor/main.cc
madeso/euphoria,libs/render/src/render/texture.cc,libs/core/src/core/cint.cc
madeso/euphoria,libs/render/src/render/texture.cc,libs/core/src/core/cint.h
madeso/euphoria,libs/minsynth/src/minsynth/synth.cc,apps/editor/src/editor/main.cc
madeso/euphoria,libs/minsynth/src/minsynth/synth.cc,libs/core/src/core/cint.cc
madeso/euphoria,libs/minsynth/src/minsynth/synth.cc,libs/core/src/core/cint.h
madeso/euphoria,libs/window/src/window/imgui_extra.h,libs/core/src/core/cint.h
madeso/euphoria,libs/window/src/window/imgui_extra.h,apps/editor/src/editor/main.cc
madeso/euphoria,libs/window/src/window/imgui_extra.h,libs/core/src/core/cint.cc
madeso/euphoria,apps/engine/src/engine/dukintegration.h,libs/core/src/core/cint.cc
madeso/euphoria,apps/engine/src/engine/dukintegration.h,libs/core/src/core/cint.h
madeso/euphoria,apps/engine/src/engine/dukintegration.h,apps/editor/src/editor/main.cc
madeso/euphoria,apps/engine/src/engine/dukintegration.cc,libs/core/src/core/cint.h
madeso/euphoria,apps/engine/src/engine/dukintegration.cc,apps/editor/src/editor/main.cc
madeso/euphoria,apps/engine/src/engine/dukintegration.cc,libs/core/src/core/cint.cc
opencor/opencor,src/plugins/editing/CellMLTextView/src/cellmltextviewwidget.cpp,src/plugins/support/SEDMLSupport/src/sedmlfile.cpp
opencor/opencor,src/plugins/editing/CellMLTextView/src/cellmltextviewwidget.cpp,src/plugins/editing/RawSEDMLView/src/rawsedmlviewwidget.cpp
proftpd/proftpd,contrib/mod_tls.c,src/bindings.c
systemd/systemd,src/libsystemd/sd-netlink/netlink-genl.c,src/network/networkd-setlink.h
systemd/systemd,src/libsystemd/sd-netlink/netlink-genl.c,src/network/networkd-queue.h
aleksigron/kokko,src/Editor/EntityView.hpp,src/Editor/SceneView.cpp
aleksigron/kokko,src/Editor/EntityView.hpp,src/Editor/EditorUI.hpp
aleksigron/kokko,src/Editor/EntityView.hpp,src/Engine/World.hpp
aleksigron/kokko,src/Editor/EntityView.hpp,src/Rendering/Framebuffer.cpp
aleksigron/kokko,src/Editor/EntityView.hpp,src/Engine/World.cpp
aleksigron/kokko,src/Engine/EntityFactory.cpp,src/Engine/World.cpp
aleksigron/kokko,src/Engine/EntityFactory.cpp,src/Editor/SceneView.cpp
aleksigron/kokko,src/Engine/EntityFactory.cpp,src/Engine/World.hpp
aleksigron/kokko,src/Engine/EntityFactory.cpp,src/Rendering/Framebuffer.cpp
aleksigron/kokko,src/Engine/EntityFactory.cpp,src/Editor/EditorUI.hpp
aleksigron/kokko,src/Resources/LevelLoader.hpp,src/Editor/SceneView.cpp
aleksigron/kokko,src/Resources/LevelLoader.hpp,src/Engine/World.cpp
aleksigron/kokko,src/Resources/LevelLoader.hpp,src/Engine/World.hpp
aleksigron/kokko,src/Resources/LevelLoader.hpp,src/Editor/EditorUI.hpp
aleksigron/kokko,src/Resources/LevelLoader.hpp,src/Rendering/Framebuffer.cpp
aleksigron/kokko,src/Resources/LevelWriter.cpp,src/Engine/World.hpp
aleksigron/kokko,src/Resources/LevelWriter.cpp,src/Rendering/Framebuffer.cpp
aleksigron/kokko,src/Resources/LevelWriter.cpp,src/Engine/World.cpp
aleksigron/kokko,src/Resources/LevelWriter.cpp,src/Editor/SceneView.cpp
aleksigron/kokko,src/Resources/LevelWriter.cpp,src/Editor/EditorUI.hpp
aleksigron/kokko,src/Resources/LevelWriter.hpp,src/Editor/SceneView.cpp
aleksigron/kokko,src/Resources/LevelWriter.hpp,src/Editor/EditorUI.hpp
aleksigron/kokko,src/Resources/LevelWriter.hpp,src/Rendering/Framebuffer.cpp
aleksigron/kokko,src/Resources/LevelWriter.hpp,src/Engine/World.hpp
aleksigron/kokko,src/Resources/LevelWriter.hpp,src/Engine/World.cpp
ojrosten/sequoia,Source/sequoia/Maths/Graph/Connectivity.hpp,Source/sequoia/Maths/Graph/NodeStorage.hpp
ojrosten/sequoia,Source/sequoia/Maths/Graph/GraphDetails.hpp,Source/sequoia/Maths/Graph/NodeStorage.hpp
ojrosten/sequoia,Source/sequoia/Maths/Graph/GraphTraversalDetails.hpp,Source/sequoia/Maths/Graph/NodeStorage.hpp
ojrosten/sequoia,Source/sequoia/Maths/Graph/GraphTraversalFunctions.hpp,Source/sequoia/Maths/Graph/NodeStorage.hpp
proycon/libfolia,src/folia_document.cxx,src/folia_impl.cxx
Andrettin/Wyrmgus,src/unit/unit.cpp,src/editor/editloop.cpp
SAnsell/CombLayer,Model/MaxIV/softimax/softimaxVariables.cxx,Model/MaxIV/softimax/softimaxOpticsLine.cxx
SAnsell/CombLayer,Model/MaxIV/softimax/softimaxVariables.cxx,Model/MaxIV/softimax/BiPortTube.cxx
SAnsell/CombLayer,Model/MaxIV/softimax/softimaxVariables.cxx,Model/MaxIV/softimaxInc/softimaxOpticsLine.h
coreboot/coreboot,src/soc/amd/common/block/cpu/mca/mca.c,src/soc/amd/common/block/apob/apob_cache.c
coreboot/coreboot,src/soc/amd/common/block/cpu/mca/mcax.c,src/soc/amd/common/block/apob/apob_cache.c
coreboot/coreboot,src/soc/amd/common/block/include/amdblocks/mca.h,src/soc/amd/common/block/apob/apob_cache.c
fluent/fluent-bit,lib/cmetrics/src/cmt_encode_influx.c,plugins/out_prometheus_exporter/prom.c
fluent/fluent-bit,lib/cmetrics/src/cmt_decode_msgpack.c,plugins/out_prometheus_exporter/prom.c
fluent/fluent-bit,plugins/in_node_exporter_metrics/ne.h,plugins/out_prometheus_exporter/prom.c
Bill-Gray/find_orb,mpc_obs.cpp,ephem0.cpp
acassen/keepalived,keepalived/include/check_http.h,lib/utils.c
acassen/keepalived,keepalived/include/check_http.h,lib/utils.h
daid/SeriousProton,src/engine.cpp,src/stringImproved.h
daid/SeriousProton,src/multiplayer.h,src/stringImproved.h
daid/SeriousProton,src/vectorUtils.h,src/stringImproved.h
daid/SeriousProton,src/soundManager.h,src/stringImproved.h
daid/SeriousProton,src/soundManager.cpp,src/stringImproved.h
daid/SeriousProton,src/multiplayer_server_scanner.cpp,src/stringImproved.h
furfurylic/commata,include/commata/parse_csv.hpp,include/commata/record_extractor.hpp
henrypp/simplewall,src/wfp.c,src/helper.c
henrypp/simplewall,src/controls.c,src/helper.c
henrypp/simplewall,src/messages.c,src/helper.c
lcgamboa/picsimlab,src/parts/part_MPU6050.cc,src/boards/bsim_qemu_stm32.cc
live-clones/netgen,libsrc/occ/occgeom.hpp,libsrc/meshing/meshing3.hpp
live-clones/netgen,libsrc/occ/occgeom.hpp,libsrc/meshing/msghandler.cpp
live-clones/netgen,libsrc/occ/occgenmesh.cpp,libsrc/meshing/meshing3.hpp
live-clones/netgen,libsrc/occ/occgenmesh.cpp,libsrc/meshing/msghandler.cpp
bredelings/BAli-Phy,src/computation/module.cc,src/computation/machine/graph_register.cc
project-gemmi/gemmi,python/mtz.cpp,include/gemmi/mtz2cif.hpp
project-gemmi/gemmi,python/mtz.cpp,src/reindex.cpp
sneezymud/sneezymud,code/code/disc/disc_aegis.h,code/code/disc/disc_aegis.cc
widelands/widelands,src/ui_fsmenu/main.cc,src/ui_basic/panel.cc
worldforge/cyphesis,src/server/Connection.cpp,src/rules/LocatedEntity.cpp
worldforge/cyphesis,src/server/Connection.cpp,src/server/server.cpp
worldforge/cyphesis,src/server/Connection.cpp,src/rules/simulation/Thing.cpp
worldforge/cyphesis,src/client/aiclient/aiclient.cpp,src/rules/simulation/Thing.cpp
worldforge/cyphesis,src/client/aiclient/aiclient.cpp,src/server/server.cpp
worldforge/cyphesis,src/client/aiclient/aiclient.cpp,src/rules/LocatedEntity.cpp
worldforge/cyphesis,src/rules/simulation/MindsProperty.cpp,src/server/server.cpp
worldforge/cyphesis,src/rules/simulation/MindsProperty.cpp,src/rules/LocatedEntity.cpp
worldforge/cyphesis,src/rules/simulation/MindsProperty.cpp,src/rules/simulation/Thing.cpp
afritz1/OpenTESArena,OpenTESArena/src/Game/GameState.cpp,OpenTESArena/src/Interface/PauseMenuPanel.cpp
afritz1/OpenTESArena,OpenTESArena/src/Game/GameState.cpp,OpenTESArena/src/Interface/GameWorldPanel.cpp
afritz1/OpenTESArena,OpenTESArena/src/Game/GameState.cpp,OpenTESArena/src/Game/Game.h
afritz1/OpenTESArena,OpenTESArena/src/Game/GameState.cpp,OpenTESArena/src/Interface/MainMenuPanel.cpp
afritz1/OpenTESArena,OpenTESArena/src/Input/PointerEvents.h,OpenTESArena/src/UI/TextBox.cpp
afritz1/OpenTESArena,OpenTESArena/src/Input/PointerEvents.h,OpenTESArena/src/UI/ListBox.cpp
afritz1/OpenTESArena,OpenTESArena/src/Input/PointerEvents.h,OpenTESArena/src/UI/TextRenderUtils.cpp
afritz1/OpenTESArena,OpenTESArena/src/Interface/AutomapUiView.h,OpenTESArena/src/UI/TextRenderUtils.cpp
afritz1/OpenTESArena,OpenTESArena/src/Interface/AutomapUiView.h,OpenTESArena/src/UI/ListBox.cpp
afritz1/OpenTESArena,OpenTESArena/src/Interface/AutomapUiView.h,OpenTESArena/src/UI/TextBox.cpp
afritz1/OpenTESArena,OpenTESArena/src/Interface/LogbookUiView.h,OpenTESArena/src/UI/TextBox.cpp
afritz1/OpenTESArena,OpenTESArena/src/Interface/LogbookUiView.h,OpenTESArena/src/UI/TextRenderUtils.cpp
afritz1/OpenTESArena,OpenTESArena/src/Interface/LogbookUiView.h,OpenTESArena/src/UI/ListBox.cpp
afritz1/OpenTESArena,OpenTESArena/src/Interface/OptionsUiView.h,OpenTESArena/src/UI/TextRenderUtils.cpp
afritz1/OpenTESArena,OpenTESArena/src/Interface/OptionsUiView.h,OpenTESArena/src/UI/ListBox.cpp
afritz1/OpenTESArena,OpenTESArena/src/Interface/OptionsUiView.h,OpenTESArena/src/UI/TextBox.cpp
afritz1/OpenTESArena,OpenTESArena/src/Interface/WorldMapUiView.h,OpenTESArena/src/UI/TextRenderUtils.cpp
afritz1/OpenTESArena,OpenTESArena/src/Interface/WorldMapUiView.h,OpenTESArena/src/UI/TextBox.cpp
afritz1/OpenTESArena,OpenTESArena/src/Interface/WorldMapUiView.h,OpenTESArena/src/UI/ListBox.cpp
afritz1/OpenTESArena,OpenTESArena/src/Interface/AutomapUiView.cpp,OpenTESArena/src/UI/TextBox.cpp
afritz1/OpenTESArena,OpenTESArena/src/Interface/AutomapUiView.cpp,OpenTESArena/src/UI/TextRenderUtils.cpp
afritz1/OpenTESArena,OpenTESArena/src/Interface/AutomapUiView.cpp,OpenTESArena/src/UI/ListBox.cpp
afritz1/OpenTESArena,OpenTESArena/src/Interface/GameWorldUiView.h,OpenTESArena/src/UI/ListBox.cpp
afritz1/OpenTESArena,OpenTESArena/src/Interface/GameWorldUiView.h,OpenTESArena/src/UI/TextBox.cpp
afritz1/OpenTESArena,OpenTESArena/src/Interface/GameWorldUiView.h,OpenTESArena/src/UI/TextRenderUtils.cpp
afritz1/OpenTESArena,OpenTESArena/src/Interface/InventoryUiView.cpp,OpenTESArena/src/UI/TextBox.cpp
afritz1/OpenTESArena,OpenTESArena/src/Interface/InventoryUiView.cpp,OpenTESArena/src/UI/TextRenderUtils.cpp
afritz1/OpenTESArena,OpenTESArena/src/Interface/InventoryUiView.cpp,OpenTESArena/src/UI/ListBox.cpp
afritz1/OpenTESArena,OpenTESArena/src/Interface/ProvinceMapUiView.cpp,OpenTESArena/src/UI/ListBox.cpp
afritz1/OpenTESArena,OpenTESArena/src/Interface/ProvinceMapUiView.cpp,OpenTESArena/src/UI/TextRenderUtils.cpp
afritz1/OpenTESArena,OpenTESArena/src/Interface/ProvinceMapUiView.cpp,OpenTESArena/src/UI/TextBox.cpp
afritz1/OpenTESArena,OpenTESArena/src/Interface/TextCinematicUiView.h,OpenTESArena/src/UI/TextBox.cpp
afritz1/OpenTESArena,OpenTESArena/src/Interface/TextCinematicUiView.h,OpenTESArena/src/UI/TextRenderUtils.cpp
afritz1/OpenTESArena,OpenTESArena/src/Interface/TextCinematicUiView.h,OpenTESArena/src/UI/ListBox.cpp
afritz1/OpenTESArena,OpenTESArena/src/Interface/CharacterSheetUiView.h,OpenTESArena/src/UI/TextBox.cpp
afritz1/OpenTESArena,OpenTESArena/src/Interface/CharacterSheetUiView.h,OpenTESArena/src/UI/ListBox.cpp
afritz1/OpenTESArena,OpenTESArena/src/Interface/CharacterSheetUiView.h,OpenTESArena/src/UI/TextRenderUtils.cpp
afritz1/OpenTESArena,OpenTESArena/src/Interface/MainQuestSplashUiView.h,OpenTESArena/src/UI/TextRenderUtils.cpp
afritz1/OpenTESArena,OpenTESArena/src/Interface/MainQuestSplashUiView.h,OpenTESArena/src/UI/TextBox.cpp
afritz1/OpenTESArena,OpenTESArena/src/Interface/MainQuestSplashUiView.h,OpenTESArena/src/UI/ListBox.cpp
afritz1/OpenTESArena,OpenTESArena/src/Interface/CharacterSheetUiView.cpp,OpenTESArena/src/UI/TextRenderUtils.cpp
afritz1/OpenTESArena,OpenTESArena/src/Interface/CharacterSheetUiView.cpp,OpenTESArena/src/UI/TextBox.cpp
afritz1/OpenTESArena,OpenTESArena/src/Interface/CharacterSheetUiView.cpp,OpenTESArena/src/UI/ListBox.cpp
afritz1/OpenTESArena,OpenTESArena/src/Interface/LoadSaveUiController.cpp,OpenTESArena/src/UI/TextBox.cpp
afritz1/OpenTESArena,OpenTESArena/src/Interface/LoadSaveUiController.cpp,OpenTESArena/src/UI/TextRenderUtils.cpp
afritz1/OpenTESArena,OpenTESArena/src/Interface/LoadSaveUiController.cpp,OpenTESArena/src/UI/ListBox.cpp
afritz1/OpenTESArena,OpenTESArena/src/Interface/WorldMapUiController.cpp,OpenTESArena/src/UI/TextBox.cpp
afritz1/OpenTESArena,OpenTESArena/src/Interface/WorldMapUiController.cpp,OpenTESArena/src/UI/TextRenderUtils.cpp
afritz1/OpenTESArena,OpenTESArena/src/Interface/WorldMapUiController.cpp,OpenTESArena/src/UI/ListBox.cpp
afritz1/OpenTESArena,OpenTESArena/src/Interface/CharacterCreationUiView.h,OpenTESArena/src/UI/TextBox.cpp
afritz1/OpenTESArena,OpenTESArena/src/Interface/CharacterCreationUiView.h,OpenTESArena/src/UI/TextRenderUtils.cpp
afritz1/OpenTESArena,OpenTESArena/src/Interface/CharacterCreationUiView.h,OpenTESArena/src/UI/ListBox.cpp
afritz1/OpenTESArena,OpenTESArena/src/Interface/GameWorldUiController.cpp,OpenTESArena/src/UI/TextRenderUtils.cpp
afritz1/OpenTESArena,OpenTESArena/src/Interface/GameWorldUiController.cpp,OpenTESArena/src/UI/TextBox.cpp
afritz1/OpenTESArena,OpenTESArena/src/Interface/GameWorldUiController.cpp,OpenTESArena/src/UI/ListBox.cpp
afritz1/OpenTESArena,OpenTESArena/src/Interface/CharacterCreationUiModel.h,OpenTESArena/src/UI/TextRenderUtils.cpp
afritz1/OpenTESArena,OpenTESArena/src/Interface/CharacterCreationUiModel.h,OpenTESArena/src/UI/TextBox.cpp
afritz1/OpenTESArena,OpenTESArena/src/Interface/CharacterCreationUiModel.h,OpenTESArena/src/UI/ListBox.cpp
afritz1/OpenTESArena,OpenTESArena/src/Interface/CharacterCreationUiView.cpp,OpenTESArena/src/UI/TextRenderUtils.cpp
afritz1/OpenTESArena,OpenTESArena/src/Interface/CharacterCreationUiView.cpp,OpenTESArena/src/UI/ListBox.cpp
afritz1/OpenTESArena,OpenTESArena/src/Interface/CharacterCreationUiView.cpp,OpenTESArena/src/UI/TextBox.cpp
afritz1/OpenTESArena,OpenTESArena/src/Interface/CharacterCreationUiController.h,OpenTESArena/src/UI/TextRenderUtils.cpp
afritz1/OpenTESArena,OpenTESArena/src/Interface/CharacterCreationUiController.h,OpenTESArena/src/UI/ListBox.cpp
afritz1/OpenTESArena,OpenTESArena/src/Interface/CharacterCreationUiController.h,OpenTESArena/src/UI/TextBox.cpp
awwbees/BespokeSynth,Source/HelpDisplay.cpp,Source/KarplusStrong.h
awwbees/BespokeSynth,Source/HelpDisplay.cpp,Source/PatchCable.cpp
awwbees/BespokeSynth,Source/HelpDisplay.cpp,Source/KarplusStrong.cpp
awwbees/BespokeSynth,Source/HelpDisplay.cpp,Source/KarplusStrongVoice.h
awwbees/BespokeSynth,Source/HelpDisplay.cpp,Source/PatchCableSource.cpp
awwbees/BespokeSynth,Source/HelpDisplay.cpp,Source/ModularSynth.cpp
awwbees/BespokeSynth,Source/HelpDisplay.cpp,Source/StepSequencer.cpp
awwbees/BespokeSynth,Source/HelpDisplay.cpp,Source/KarplusStrongVoice.cpp
awwbees/BespokeSynth,Source/HelpDisplay.cpp,Source/MainComponent.cpp
awwbees/BespokeSynth,Source/HelpDisplay.cpp,Source/VSTPlugin.cpp
awwbees/BespokeSynth,Source/HelpDisplay.cpp,Source/ModularSynth.h
awwbees/BespokeSynth,Source/HelpDisplay.cpp,Source/ModuleContainer.cpp
awwbees/BespokeSynth,Source/HelpDisplay.cpp,Source/Beats.cpp
awwbees/BespokeSynth,Source/HelpDisplay.cpp,Source/DrumPlayer.cpp
lighttpd/lighttpd1.4,src/mod_cgi.c,src/http-header-glue.c
lighttpd/lighttpd1.4,src/request.c,src/http-header-glue.c
lighttpd/lighttpd1.4,src/mod_proxy.c,src/http-header-glue.c
lighttpd/lighttpd1.4,src/configfile.c,src/http-header-glue.c
lighttpd/lighttpd1.4,src/configfile-glue.c,src/http-header-glue.c
timhriley/appaserver,src_predictive/entity.c,library/post_login_library.c
timhriley/appaserver,src_predictive/entity.c,library/update_database.c
timhriley/appaserver,src_predictive/entity.c,src_appaserver/insert_mysql.c
timhriley/appaserver,src_predictive/entity.c,library/appaserver.c
timhriley/appaserver,src_predictive/entity.h,library/post_login_library.c
timhriley/appaserver,src_predictive/entity.h,library/update_database.c
timhriley/appaserver,src_predictive/entity.h,library/appaserver.c
timhriley/appaserver,src_predictive/entity.h,src_appaserver/insert_mysql.c
timhriley/appaserver,src_education/offering.c,library/appaserver_user.h
timhriley/appaserver,src_education/offering.c,library/String.c
timhriley/appaserver,src_predictive/account.c,library/String.c
timhriley/appaserver,src_predictive/account.c,library/appaserver_user.h
timhriley/appaserver,src_predictive/recovery.c,src_appaserver/appaserver_user_trigger.c
timhriley/appaserver,src_predictive/recovery.c,library/security.h
timhriley/appaserver,src_predictive/recovery.h,src_appaserver/appaserver_user_trigger.c
timhriley/appaserver,src_predictive/recovery.h,library/security.h
timhriley/appaserver,src_education/enrollment.c,library/String.c
timhriley/appaserver,src_education/enrollment.c,library/appaserver_user.h
timhriley/appaserver,src_education/enrollment.h,library/String.c
timhriley/appaserver,src_education/enrollment.h,library/appaserver_user.h
timhriley/appaserver,src_predictive/liability.c,library/appaserver_user.h
timhriley/appaserver,src_predictive/liability.c,library/String.c
timhriley/appaserver,src_predictive/liability.h,library/String.c
timhriley/appaserver,src_predictive/liability.h,library/appaserver_user.h
timhriley/appaserver,src_education/course_drop.c,src_appaserver/appaserver_user_trigger.c
timhriley/appaserver,src_education/course_drop.c,library/security.h
timhriley/appaserver,src_education/enrollment_trigger.c,library/String.c
timhriley/appaserver,src_education/enrollment_trigger.c,library/appaserver_user.h
timhriley/appaserver,src_predictive/close_nominal_accounts.c,library/post_login_library.c
timhriley/appaserver,src_predictive/close_nominal_accounts.c,src_appaserver/insert_mysql.c
timhriley/appaserver,src_predictive/close_nominal_accounts.c,library/appaserver.c
timhriley/appaserver,src_predictive/close_nominal_accounts.c,library/update_database.c
timhriley/appaserver,src_predictive/populate_print_checks_entity.c,src_appaserver/insert_mysql.c
timhriley/appaserver,src_predictive/populate_print_checks_entity.c,library/appaserver.c
timhriley/appaserver,src_predictive/populate_print_checks_entity.c,library/post_login_library.c
timhriley/appaserver,src_predictive/populate_print_checks_entity.c,library/update_database.c
AltraMayor/gatekeeper,cps/main.c,gt/main.c
ELENA-LANG/elena-lang,elenasrc2/elc/compiler.h,elenasrc2/elc/elc.h
albar965/littlenavmap,src/common/abstractinfobuilder.cpp,src/webapi/webapicontroller.h
albar965/littlenavmap,src/common/abstractinfobuilder.cpp,src/webapi/webapicontroller.cpp
albar965/littlenavmap,src/common/abstractinfobuilder.cpp,src/webapi/abstractactionscontroller.h
albar965/littlenavmap,src/webapi/abstractlnmactionscontroller.cpp,src/webapi/webapicontroller.cpp
albar965/littlenavmap,src/webapi/abstractlnmactionscontroller.cpp,src/webapi/webapicontroller.h
albar965/littlenavmap,src/webapi/abstractlnmactionscontroller.cpp,src/webapi/abstractactionscontroller.h
beached/daw_json_link,include/daw/third_party/dragonbox/dragonbox.h,include/daw/json/impl/daw_json_type_options.h
beached/daw_json_link,include/daw/third_party/dragonbox/dragonbox.h,include/daw/json/impl/to_daw_json_string.h
beached/daw_json_link,include/daw/third_party/dragonbox/dragonbox.h,include/daw/json/daw_json_link_types.h
beached/daw_json_link,include/daw/third_party/dragonbox/dragonbox.h,include/daw/json/to_json_schema.h
beached/daw_json_link,include/daw/third_party/dragonbox/dragonbox.h,include/daw/json/impl/daw_json_parse_class.h
beached/daw_json_link,include/daw/third_party/dragonbox/dragonbox.h,include/daw/json/impl/daw_json_skip.h
beached/daw_json_link,include/daw/json/impl/daw_json_parse_value_fwd.h,include/daw/json/impl/daw_json_parse_common.h
beached/daw_json_link,include/daw/json/impl/daw_json_parse_value_fwd.h,include/daw/json/impl/daw_json_parse_value.h
beached/daw_json_link,include/daw/third_party/dragonbox/dragonbox_to_chars.h,include/daw/json/to_json_schema.h
beached/daw_json_link,include/daw/third_party/dragonbox/dragonbox_to_chars.h,include/daw/json/daw_json_link_types.h
beached/daw_json_link,include/daw/third_party/dragonbox/dragonbox_to_chars.h,include/daw/json/impl/daw_json_parse_class.h
beached/daw_json_link,include/daw/third_party/dragonbox/dragonbox_to_chars.h,include/daw/json/impl/to_daw_json_string.h
beached/daw_json_link,include/daw/third_party/dragonbox/dragonbox_to_chars.h,include/daw/json/impl/daw_json_type_options.h
beached/daw_json_link,include/daw/third_party/dragonbox/dragonbox_to_chars.h,include/daw/json/impl/daw_json_skip.h
beached/daw_json_link,include/daw/third_party/dragonbox/dragonbox_to_decimal.h,include/daw/json/impl/daw_json_type_options.h
beached/daw_json_link,include/daw/third_party/dragonbox/dragonbox_to_decimal.h,include/daw/json/to_json_schema.h
beached/daw_json_link,include/daw/third_party/dragonbox/dragonbox_to_decimal.h,include/daw/json/impl/daw_json_skip.h
beached/daw_json_link,include/daw/third_party/dragonbox/dragonbox_to_decimal.h,include/daw/json/daw_json_link_types.h
beached/daw_json_link,include/daw/third_party/dragonbox/dragonbox_to_decimal.h,include/daw/json/impl/to_daw_json_string.h
beached/daw_json_link,include/daw/third_party/dragonbox/dragonbox_to_decimal.h,include/daw/json/impl/daw_json_parse_class.h
bradharding/doomretro,src/s_sound.c,src/g_game.c
bradharding/doomretro,src/s_sound.c,src/r_plane.c
bradharding/doomretro,src/s_sound.c,src/r_data.c
bradharding/doomretro,src/s_sound.c,src/d_deh.c
bradharding/doomretro,src/s_sound.c,src/hu_lib.c
bradharding/doomretro,src/s_sound.c,src/v_video.c
bradharding/doomretro,src/s_sound.c,src/p_fix.c
bradharding/doomretro,src/version.h,src/d_deh.c
bradharding/doomretro,src/version.h,src/hu_lib.c
bradharding/doomretro,src/version.h,src/r_plane.c
bradharding/doomretro,src/version.h,src/p_fix.c
bradharding/doomretro,src/version.h,src/r_data.c
bradharding/doomretro,src/version.h,src/g_game.c
bradharding/doomretro,src/version.h,src/v_video.c
bradharding/doomretro,src/f_finale.c,src/r_data.c
bradharding/doomretro,src/f_finale.c,src/p_fix.c
bradharding/doomretro,src/f_finale.c,src/d_deh.c
bradharding/doomretro,src/f_finale.c,src/v_video.c
bradharding/doomretro,src/f_finale.c,src/g_game.c
bradharding/doomretro,src/f_finale.c,src/hu_lib.c
bradharding/doomretro,src/f_finale.c,src/r_plane.c
bradharding/doomretro,src/i_system.c,src/hu_lib.c
bradharding/doomretro,src/i_system.c,src/r_data.c
bradharding/doomretro,src/i_system.c,src/r_plane.c
bradharding/doomretro,src/i_system.c,src/p_fix.c
bradharding/doomretro,src/i_system.c,src/g_game.c
bradharding/doomretro,src/i_system.c,src/v_video.c
bradharding/doomretro,src/i_system.c,src/d_deh.c
jodogne/OrthancMirror,OrthancFramework/Sources/DicomParsing/FromDcmtkBridge.cpp,OrthancServer/Sources/OrthancRestApi/OrthancRestModalities.cpp
jodogne/OrthancMirror,OrthancFramework/Sources/DicomParsing/FromDcmtkBridge.cpp,OrthancFramework/Sources/DicomParsing/DicomModification.h
jodogne/OrthancMirror,OrthancServer/Sources/OrthancRestApi/OrthancRestAnonymizeModify.cpp,OrthancServer/Sources/OrthancRestApi/OrthancRestModalities.cpp
jodogne/OrthancMirror,OrthancServer/Sources/OrthancRestApi/OrthancRestAnonymizeModify.cpp,OrthancFramework/Sources/DicomParsing/DicomModification.h
martinrotter/rssguard,src/librssguard/services/standard/standardfeed.cpp,src/librssguard/services/owncloud/owncloudserviceroot.cpp
martinrotter/rssguard,src/librssguard/services/standard/standardfeed.cpp,src/librssguard/services/gmail/gmailserviceroot.cpp
martinrotter/rssguard,src/librssguard/services/standard/standardfeed.cpp,src/librssguard/core/feeddownloader.cpp
martinrotter/rssguard,src/librssguard/services/standard/standardfeed.cpp,src/librssguard/services/abstract/serviceroot.h
martinrotter/rssguard,src/librssguard/services/standard/standardfeed.cpp,src/librssguard/gui/messagesview.cpp
martinrotter/rssguard,src/librssguard/services/standard/standardfeed.cpp,src/librssguard/services/inoreader/inoreaderserviceroot.cpp
martinrotter/rssguard,src/librssguard/services/standard/standardfeed.cpp,src/librssguard/services/tt-rss/ttrssserviceroot.cpp
martinrotter/rssguard,src/librssguard/services/standard/standardfeed.cpp,src/librssguard/services/gmail/gmailserviceroot.h
martinrotter/rssguard,src/librssguard/services/standard/standardfeed.cpp,src/librssguard/services/tt-rss/ttrssserviceroot.h
martinrotter/rssguard,src/librssguard/services/standard/standardfeed.cpp,src/librssguard/services/inoreader/inoreaderserviceroot.h
martinrotter/rssguard,src/librssguard/services/standard/standardfeed.cpp,src/librssguard/services/owncloud/owncloudserviceroot.h
martinrotter/rssguard,src/librssguard/services/standard/standardfeed.cpp,src/librssguard/miscellaneous/feedreader.cpp
martinrotter/rssguard,src/librssguard/services/standard/standardfeed.cpp,src/librssguard/services/standard/standardserviceroot.h
nirenjan/x52pro-linux,daemon/x52d_main.c,daemon/x52d_device.c
nirenjan/x52pro-linux,daemon/x52d_clock.c,daemon/x52d_device.c
nirenjan/x52pro-linux,daemon/x52d_config.h,daemon/x52d_device.c
sekiguchi-nagisa/ydsh,tools/analyzer/server.cpp,tools/analyzer/index.h
sekiguchi-nagisa/ydsh,tools/analyzer/server.cpp,tools/analyzer/analyzer.h
sekiguchi-nagisa/ydsh,tools/analyzer/server.cpp,tools/analyzer/archive.cpp
sekiguchi-nagisa/ydsh,tools/analyzer/source.cpp,tools/analyzer/analyzer.h
sekiguchi-nagisa/ydsh,tools/analyzer/source.cpp,tools/analyzer/index.h
sekiguchi-nagisa/ydsh,tools/analyzer/source.cpp,tools/analyzer/archive.cpp
ColinIanKing/stress-ng,core-smart.c,stress-signest.c
ColinIanKing/stress-ng,stress-smi.c,stress-signest.c
uroni/urbackup_backend,urbackupclient/client_restore_http.h,urbackupserver/LocalBackup.cpp
uroni/urbackup_backend,urbackupclient/client_restore_http.h,urbackupclient/client_restore_http.cpp
uroni/urbackup_backend,urbackupclient/client_restore_http.h,clouddrive/TransactionalKvStore.cpp
darktorres/ERP-STACCATO,src/acbr.cpp,src/anteciparrecebimento.cpp
darktorres/ERP-STACCATO,src/itembox.h,src/mainwindow.cpp
darktorres/ERP-STACCATO,src/application.h,src/anteciparrecebimento.cpp
darktorres/ERP-STACCATO,src/widgetvenda.h,src/mainwindow.cpp
darktorres/ERP-STACCATO,src/searchdialog.h,src/mainwindow.cpp
darktorres/ERP-STACCATO,src/application.cpp,src/anteciparrecebimento.cpp
darktorres/ERP-STACCATO,src/searchdialog.cpp,src/mainwindow.cpp
darktorres/ERP-STACCATO,src/cadastroproduto.h,src/mainwindow.cpp
darktorres/ERP-STACCATO,src/importaprodutos.h,src/mainwindow.cpp
darktorres/ERP-STACCATO,src/widgetorcamento.h,src/mainwindow.cpp
darktorres/ERP-STACCATO,src/registerdialog.cpp,src/mainwindow.cpp
darktorres/ERP-STACCATO,src/cadastrocliente.cpp,src/mainwindow.cpp
darktorres/ERP-STACCATO,src/widgetpagamentos.cpp,src/anteciparrecebimento.cpp
darktorres/ERP-STACCATO,src/produtospendentes.cpp,src/mainwindow.cpp
darktorres/ERP-STACCATO,src/widgetfinanceirocontas.cpp,src/anteciparrecebimento.cpp
darktorres/ERP-STACCATO,src/widgetlogisticaentregas.cpp,src/anteciparrecebimento.cpp
markusC64/1541ultimate2,software/network/socket_dma.cc,software/io/command_interface/control_target.cc
markusC64/1541ultimate2,software/network/socket_dma.cc,software/u64/u64_config.cc
micropython/micropython,ports/esp32/modmachine.c,ports/esp32/mphalport.c
JNechaevsky/russian-doom,src/v_trans.c,src/heretic/r_local.h
JNechaevsky/russian-doom,src/v_trans.c,src/heretic/p_setup.c
JNechaevsky/russian-doom,src/v_trans.c,src/heretic/p_mobj.c
JNechaevsky/russian-doom,src/v_trans.c,src/doom/p_map.c
JNechaevsky/russian-doom,src/v_trans.c,src/doom/p_maputl.c
JNechaevsky/russian-doom,src/v_trans.c,src/heretic/r_things.c
JNechaevsky/russian-doom,src/v_trans.c,src/heretic/p_map.c
JNechaevsky/russian-doom,src/heretic/p_spec.c,src/heretic/p_mobj.c
JNechaevsky/russian-doom,src/heretic/p_spec.c,src/heretic/p_setup.c
JNechaevsky/russian-doom,src/heretic/p_spec.c,src/heretic/p_map.c
JNechaevsky/russian-doom,src/heretic/p_spec.c,src/doom/p_map.c
JNechaevsky/russian-doom,src/heretic/p_spec.c,src/heretic/r_local.h
JNechaevsky/russian-doom,src/heretic/p_spec.c,src/heretic/r_things.c
JNechaevsky/russian-doom,src/heretic/p_spec.c,src/doom/p_maputl.c
JNechaevsky/russian-doom,src/heretic/p_enemy.c,src/heretic/p_mobj.c
JNechaevsky/russian-doom,src/heretic/p_enemy.c,src/heretic/r_local.h
JNechaevsky/russian-doom,src/heretic/p_enemy.c,src/heretic/p_setup.c
JNechaevsky/russian-doom,src/heretic/p_enemy.c,src/heretic/r_things.c
JNechaevsky/russian-doom,src/heretic/p_enemy.c,src/heretic/p_map.c
JNechaevsky/russian-doom,src/heretic/p_enemy.c,src/doom/p_maputl.c
JNechaevsky/russian-doom,src/heretic/p_enemy.c,src/doom/p_map.c
JNechaevsky/russian-doom,src/setup/compatibility.c,src/heretic/p_mobj.c
JNechaevsky/russian-doom,src/setup/compatibility.c,src/heretic/r_things.c
JNechaevsky/russian-doom,src/setup/compatibility.c,src/doom/p_maputl.c
JNechaevsky/russian-doom,src/setup/compatibility.c,src/heretic/r_local.h
JNechaevsky/russian-doom,src/setup/compatibility.c,src/heretic/p_setup.c
JNechaevsky/russian-doom,src/setup/compatibility.c,src/doom/p_map.c
JNechaevsky/russian-doom,src/setup/compatibility.c,src/heretic/p_map.c
JNechaevsky/russian-doom,src/setup/compatibility.h,src/heretic/r_things.c
JNechaevsky/russian-doom,src/setup/compatibility.h,src/doom/p_maputl.c
JNechaevsky/russian-doom,src/setup/compatibility.h,src/heretic/p_mobj.c
JNechaevsky/russian-doom,src/setup/compatibility.h,src/heretic/p_setup.c
JNechaevsky/russian-doom,src/setup/compatibility.h,src/heretic/p_map.c
JNechaevsky/russian-doom,src/setup/compatibility.h,src/heretic/r_local.h
JNechaevsky/russian-doom,src/setup/compatibility.h,src/doom/p_map.c
stohrendorf/EdisonEngine,src/hid/inputhandler.h,src/engine/objects/aiagent.cpp
stohrendorf/EdisonEngine,src/hid/inputhandler.h,src/engine/objects/laraobject.cpp
stohrendorf/EdisonEngine,src/hid/inputhandler.h,src/engine/objects/object.h
stohrendorf/EdisonEngine,src/hid/inputhandler.h,src/engine/objects/swordofdamocles.cpp
stohrendorf/EdisonEngine,src/hid/inputhandler.h,src/engine/objects/modelobject.cpp
stohrendorf/EdisonEngine,src/ui/widgets/label.h,src/engine/world/room.cpp
stohrendorf/EdisonEngine,src/ui/widgets/label.cpp,src/engine/world/room.cpp
stohrendorf/EdisonEngine,src/engine/engineconfig.h,src/engine/world/room.cpp
stohrendorf/EdisonEngine,src/engine/ai/pathfinder.h,src/engine/objects/aiagent.cpp
stohrendorf/EdisonEngine,src/engine/ai/pathfinder.h,src/engine/objects/object.h
stohrendorf/EdisonEngine,src/engine/ai/pathfinder.h,src/engine/objects/swordofdamocles.cpp
stohrendorf/EdisonEngine,src/engine/ai/pathfinder.h,src/engine/objects/laraobject.cpp
stohrendorf/EdisonEngine,src/engine/ai/pathfinder.h,src/engine/objects/modelobject.cpp
stohrendorf/EdisonEngine,src/ui/widgets/gridbox.cpp,src/engine/world/room.cpp
stohrendorf/EdisonEngine,src/engine/engineconfig.cpp,src/engine/world/room.cpp
stohrendorf/EdisonEngine,src/ui/widgets/groupbox.cpp,src/engine/world/room.cpp
stohrendorf/EdisonEngine,src/engine/ai/pathfinder.cpp,src/engine/objects/object.h
stohrendorf/EdisonEngine,src/engine/ai/pathfinder.cpp,src/engine/objects/modelobject.cpp
stohrendorf/EdisonEngine,src/engine/ai/pathfinder.cpp,src/engine/objects/aiagent.cpp
stohrendorf/EdisonEngine,src/engine/ai/pathfinder.cpp,src/engine/objects/laraobject.cpp
stohrendorf/EdisonEngine,src/engine/ai/pathfinder.cpp,src/engine/objects/swordofdamocles.cpp
stohrendorf/EdisonEngine,src/menu/controlsmenustate.h,src/engine/world/room.cpp
stohrendorf/EdisonEngine,src/engine/objects/mutant.cpp,src/engine/objects/modelobject.cpp
stohrendorf/EdisonEngine,src/engine/objects/mutant.cpp,src/engine/objects/laraobject.cpp
stohrendorf/EdisonEngine,src/engine/objects/mutant.cpp,src/engine/objects/aiagent.cpp
stohrendorf/EdisonEngine,src/engine/objects/mutant.cpp,src/engine/objects/object.h
stohrendorf/EdisonEngine,src/engine/objects/mutant.cpp,src/engine/objects/swordofdamocles.cpp
stohrendorf/EdisonEngine,src/engine/objects/objectstate.h,src/engine/objects/laraobject.cpp
stohrendorf/EdisonEngine,src/engine/objects/objectstate.h,src/engine/objects/swordofdamocles.cpp
stohrendorf/EdisonEngine,src/engine/objects/objectstate.h,src/engine/objects/object.h
stohrendorf/EdisonEngine,src/engine/objects/objectstate.h,src/engine/objects/modelobject.cpp
stohrendorf/EdisonEngine,src/engine/objects/objectstate.h,src/engine/objects/aiagent.cpp
stohrendorf/EdisonEngine,src/engine/objects/objectstate.cpp,src/engine/objects/modelobject.cpp
stohrendorf/EdisonEngine,src/engine/objects/objectstate.cpp,src/engine/objects/object.h
stohrendorf/EdisonEngine,src/engine/objects/objectstate.cpp,src/engine/objects/swordofdamocles.cpp
stohrendorf/EdisonEngine,src/engine/objects/objectstate.cpp,src/engine/objects/laraobject.cpp
stohrendorf/EdisonEngine,src/engine/objects/objectstate.cpp,src/engine/objects/aiagent.cpp
stohrendorf/EdisonEngine,src/engine/objects/objectfactory.cpp,src/engine/objects/modelobject.cpp
stohrendorf/EdisonEngine,src/engine/objects/objectfactory.cpp,src/engine/objects/object.h
stohrendorf/EdisonEngine,src/engine/objects/objectfactory.cpp,src/engine/objects/swordofdamocles.cpp
stohrendorf/EdisonEngine,src/engine/objects/objectfactory.cpp,src/engine/objects/laraobject.cpp
stohrendorf/EdisonEngine,src/engine/objects/objectfactory.cpp,src/engine/objects/aiagent.cpp
stohrendorf/EdisonEngine,src/menu/rendersettingsmenustate.cpp,src/engine/world/room.cpp
ARM-software/astc-encoder,Source/astcenc_find_best_partitioning.cpp,Source/astcenc_pick_best_endpoint_format.cpp
ARM-software/astc-encoder,Source/astcenc_find_best_partitioning.cpp,Source/astcenccli_toplevel.cpp
ARM-software/astc-encoder,Source/astcenc_find_best_partitioning.cpp,Source/astcenc_compress_symbolic.cpp
ARM-software/astc-encoder,Source/astcenc_find_best_partitioning.cpp,Source/astcenc_weight_align.cpp
LanguageMachines/libfolia,src/folia_document.cxx,src/folia_impl.cxx
JGRennison/OpenTTD-patches,src/strings.cpp,src/viewport.cpp
dorkster/flare-engine-next,src/Settings.cpp,src/StatBlock.cpp
dorkster/flare-engine-next,src/MenuTouchControls.cpp,src/EngineSettings.cpp
dorkster/flare-engine-next,src/MenuTouchControls.cpp,src/Version.cpp
narunlifescience/AlphaPlot,alphaplot/src/2Dplot/Bar2D.cpp,alphaplot/src/2Dplot/AxisRect2D.cpp
narunlifescience/AlphaPlot,alphaplot/src/2Dplot/Bar2D.cpp,alphaplot/src/2Dplot/AxisRect2D.h
narunlifescience/AlphaPlot,alphaplot/src/ApplicationWindow.h,alphaplot/src/2Dplot/AxisRect2D.h
narunlifescience/AlphaPlot,alphaplot/src/ApplicationWindow.h,alphaplot/src/2Dplot/AxisRect2D.cpp
narunlifescience/AlphaPlot,alphaplot/src/ui/SettingsDialog.cpp,alphaplot/src/2Dplot/AxisRect2D.h
narunlifescience/AlphaPlot,alphaplot/src/ui/SettingsDialog.cpp,alphaplot/src/2Dplot/AxisRect2D.cpp
narunlifescience/AlphaPlot,alphaplot/src/ui/GeneralApplicationSettings.cpp,alphaplot/src/2Dplot/AxisRect2D.cpp
narunlifescience/AlphaPlot,alphaplot/src/ui/GeneralApplicationSettings.cpp,alphaplot/src/2Dplot/AxisRect2D.h
Washington-University/workbench,src/Files/MediaFile.cxx,src/Brain/ViewingTransformationsMedia.h
Washington-University/workbench,src/Files/MediaFile.cxx,src/Brain/ViewingTransformationsMedia.cxx
E66666666/GTAVManualTransmission,Gears/WheelInput.cpp,Gears/Input/WheelDirectInput.cpp
E66666666/GTAVManualTransmission,Gears/WheelInput.cpp,Gears/script.cpp
E66666666/GTAVManualTransmission,Gears/ScriptSettings.cpp,Gears/Input/WheelDirectInput.cpp
E66666666/GTAVManualTransmission,Gears/ScriptSettings.cpp,Gears/script.cpp
moonlight-stream/moonlight-common-c,src/VideoStream.c,src/RtspConnection.c
moonlight-stream/moonlight-common-c,src/VideoStream.c,src/AudioStream.c
